Workbook

Sheet DATOS
D5: AMABILIDAD DEL PERSONAL | E5: RAPIDEZ DEL SERVICIO | F5: CALIDAD DE LA COMIDA | G5: VARIEDAD DEL MENU | H5: AMBIENTE ACOGEDOR | I5: AREA | M5: NOMBRE DEL SOCIO | N5: QUIEN LO ATENDIÓ | O5: AMABILIDAD DEL PERSONAL | P5: RAPIDEZ DEL SERVICIO | Q5: CALIDAD DE LA COMIDA | R5: VARIEDAD DEL MENU | S5: AMBIENTE ACOGEDOR | T5: AREA | U5: FECHA | V5: COMENTARIOS Y SUGERENCIAS
L6: 1
L7: 2
L8: 3
L9: 4
L10: 5
L11: 6
L12: 7
L13: 8
L14: 9
L15: 10
L16: 11
L17: 12
L19: 1 | M19: Belisario Pinto | N19: Daniel Leon | O19: 5 | P19: 5 | Q19: 5 | R19: 5 | S19: 5 | T19: RA | U19: 45358
L20: 2 | M20: Rubén muños | N20: Kennedy cantos | O20: 5 | P20: 4 | Q20: 4 | R20: 4 | S20: 5 | T20: RA | U20: 45358 | V20: REVISAR PLATO VOlcaN, MARISCOS SOBRECOCINADOS
L21: 3 | M21: Maria Torres de Rivadeneria | N21: Eduardo León | O21: 5 | P21: 5 | Q21: 5 | R21: 5 | S21: 5 | T21: RA | U21: 45358
L22: 4 | M22: Marcia Villavicencio Loor | N22: Eduardo León | O22: 5 | P22: 5 | Q22: 5 | R22: 5 | S22: 5 | T22: RA | U22: 45358 | V22: muy bueno todo
L23: 5 | M23: Patricia Andrade Andrade | N23: Eduardo León | O23: 5 | P23: 3 | Q23: 4 | R23: 3 | S23: 5 | T23: RA | U23: 45358 | V23: poner mejores platos en la carta
L24: 6
L25: 7
L26: 8
L27: 9
L28: 10
L29: 11
L30: 12
L31: 13
L32: 14
L33: 15
L35: 1 | M35: Pedro Solines | N35: Ambar Mite | O35: 5 | P35: 5 | Q35: 5 | R35: 5 | S35: 5 | T35: RT | U35: 45353
L36: 2 | M36: José Delgado Casanova | N36: Marlon Pilay | O36: 4 | P36: 4 | Q36: 4 | R36: 4 | S36: 4 | T36: RT | U36: 45353
L37: 3 | M37: Jorge Pazmiño | N37: Raúl Cifuentes | O37: 5 | P37: 5 | Q37: 4 | R37: 4 | S37: 4 | T37: RT | U37: 45353
L38: 4 | M38: Carlos Vascones Flor | N38: Raúl Cifuentes | O38: 5 | P38: 5 | Q38: 4 | R38: 3 | S38: 4 | T38: RT | U38: 45353
L39: 5 | M39: Rafael Avellán Huerta | N39: Erick Jiménez | O39: 5 | P39: 5 | Q39: 5 | R39: 5 | S39: 5 | T39: RT | U39: 45353
L40: 6 | M40: Joanna Lovo Garces | N40: Ámbar Mite | O40: 5 | P40: 5 | Q40: 5 | R40: 5 | S40: 5 | T40: RT | U40: 45354
L41: 7 | M41: Rafael Martínez Mori | N41: Ámbar Mite | O41: 5 | P41: 5 | Q41: 5 | R41: 5 | S41: 5 | T41: RT | U41: 45354
L42: 8 | M42: Ernesto Guzman Quiñones | N42: Ámbar Mite | O42: 5 | P42: 5 | Q42: 5 | R42: 5 | S42: 5 | T42: RT | U42: 45354
L43: 9 | M43: Erazo Muñoz armando | O43: 5 | P43: 5 | Q43: 5 | R43: 4 | S43: 5 | T43: RT | U43: 45354
L44: 10 | M44: queirolo anda María | O44: 5 | P44: 4 | Q44: 4 | R44: 4 | S44: 3 | T44: RT | U44: 45354
L45: 11 | M45: Larrea idrovo Mónica | O45: 5 | P45: 5 | Q45: 5 | R45: 4 | S45: 5 | T45: RT | U45: 45354
L46: 12 | M46: manosalvas Velasco Ricardo | O46: 5 | P46: 5 | Q46: 5 | R46: 5 | S46: 5 | T46: RT | U46: 45354
L47: 13 | M47: quintana Valdez gonzalo | O47: 5 | P47: 5 | Q47: 5 | R47: 5 | S47: 5 | T47: RT | U47: 45354
L48: 14 | M48: Martínez Rafael | N48: Marlon | O48: 5 | P48: 5 | Q48: 5 | R48: 5 | S48: 5 | T48: RT | U48: 45354 | V48: excelente servicio
L49: 15 | M49: Chiriboga Alban | N49: Marlon | O49: 5 | P49: 5 | Q49: 5 | R49: 5 | S49: 5 | T49: RT | U49: 45354 | V49: buen servicio
L50: 16 | M50: Elizabeth Bohorquez | N50: Allison Lopez | O50: 5 | P50: 5 | Q50: 4 | R50: 5 | S50: 5 | T50: RT | U50: 45355
L51: 17 | M51: Elizabeth Bohorquez | N51: Allison Lopez | O51: 5 | P51: 5 | Q51: 4 | R51: 5 | S51: 5 | T51: RT | U51: 45355
L52: 18 | M52: Francisco Avegno | N52: Alice | O52: 5 | P52: 5 | Q52: 4 | R52: 4 | S52: 5 | T52: RT | U52: 45355
L53: 19 | M53: Rosanna Plaza | N53: Marco Yaguachi | O53: 5 | P53: 5 | Q53: 5 | R53: 5 | S53: 5 | T53: RT | U53: 45356 | V53: excelente Servicio y buena predisposición
L54: 20 | M54: felipe pezo | N54: allison | O54: 5 | P54: 5 | Q54: 5 | R54: 5 | S54: 5 | T54: RT | U54: 45356 | V54: buen
L55: 21 | M55: Orlando Rodríguez | N55: Marlon Vinces | O55: 5 | P55: 5 | Q55: 5 | R55: 5 | S55: 5 | T55: RT | U55: 45356
L56: 22 | M56: Edgar Lama | N56: Marlon Vinces | O56: 5 | P56: 5 | Q56: 5 | R56: 5 | S56: 5 | T56: RT | U56: 45356 | V56: la fanesca excelente
L57: 23 | M57: Douglas Macklif | N57: Marco Yaguachi | O57: 5 | P57: 5 | Q57: 4 | R57: 4 | S57: 4 | T57: RT | U57: 45356
L58: 24 | M58: María Ycaza | N58: Alison | O58: 5 | P58: 4 | Q58: 5 | R58: 4 | S58: 4 | T58: RT | U58: 45356
L59: 25 | M59: Rubén Estrella iñiga | N59: Marco Yaguachi | O59: 5 | P59: 5 | Q59: 4 | R59: 4 | S59: 4 | T59: RT | U59: 45356
L60: 26 | M60: Alfredo Macías Torres | N60: Marco Yaguachi | O60: 5 | P60: 4 | Q60: 4 | R60: 4 | S60: 4 | T60: RT | U60: 45358
L61: 27 | M61: Tito Icaza Baquerizo | N61: Ámbar Mite | O61: 5 | P61: 5 | Q61: 5 | R61: 5 | S61: 5 | T61: RT | U61: 45358
L62: 28 | M62: Carlos Coronel | N62: Ámbar Mite | O62: 5 | P62: 5 | Q62: 5 | R62: 5 | S62: 5 | T62: RT | U62: 45358
L63: 29 | M63: Roberto morla | N63: Erick Jiménez | O63: 5 | P63: 4 | Q63: 5 | R63: 5 | S63: 5 | T63: RT | U63: 45359
L64: 30 | M64: cristhian bernal | N64: Erick jimenez | O64: 5 | P64: 5 | Q64: 5 | R64: 5 | S64: 5 | T64: RT | U64: 45359
L65: 31 | M65: Pedro cedeño | N65: Erick Jiménez | O65: 4 | P65: 5 | Q65: 4 | R65: 5 | S65: 5 | T65: RT | U65: 45359
L66: 32 | M66: Jorge pazmiño | O66: 5 | P66: 5 | Q66: 5 | R66: 5 | S66: 5 | T66: RT | U66: 45361
L67: 33 | M67: Jorge pazmiño | O67: 5 | P67: 5 | Q67: 5 | R67: 5 | S67: 5 | T67: RT | U67: 45361
L68: 34 | M68: Gustavo Ulloa | O68: 5 | P68: 5 | Q68: 5 | R68: 5 | S68: 5 | T68: RT | U68: 45361
L69: 35 | M69: Julian Barragán | N69: Erick Jiménez | O69: 5 | P69: 5 | Q69: 5 | R69: 5 | S69: 5 | T69: RT | U69: 45361
L70: 36 | M70: Pilar Gonzales | N70: Raúl Cifuentes | O70: 5 | P70: 5 | Q70: 5 | R70: 4 | S70: 5 | T70: RT | U70: 45361
L71: 37 | M71: Delia Farah | N71: Marlon Pilay | O71: 5 | P71: 5 | Q71: 5 | R71: 5 | S71: 5 | T71: RT | U71: 45361
L72: 38 | M72: Katerine Morán | N72: Richard Pesantes | O72: 5 | P72: 5 | Q72: 5 | R72: 5 | S72: 5 | T72: RT | U72: 45361
L73: 39 | M73: hans shuback | N73: Erick Jiménez | O73: 5 | P73: 5 | Q73: 5 | R73: 5 | S73: 5 | T73: RT | U73: 45361
L74: 40 | M74: Fernando coronel | N74: Erick Jiménez | O74: 5 | P74: 5 | Q74: 5 | R74: 4 | S74: 5 | T74: RT | U74: 45361
L75: 41 | M75: María robalino | N75: erick Jiménez | O75: 4 | P75: 5 | Q75: 5 | R75: 5 | S75: 5 | T75: RT | U75: 45361
L76: 42 | M76: Alfredo avila | N76: Erick Jiménez | O76: 5 | P76: 5 | Q76: 5 | R76: 5 | S76: 5 | T76: RT | U76: 45361
L77: 43 | M77: Omar Serrano | N77: Allison y Ambar | O77: 5 | P77: 5 | Q77: 5 | R77: 5 | S77: 5 | T77: RT | U77: 45362 | V77: todo excelente
L78: 44 | M78: Daniel Valverde | N78: Ambar Mite | O78: 5 | P78: 5 | Q78: 5 | R78: 5 | S78: 5 | T78: RT | U78: 45363
L79: 45 | M79: Juan Carlos Lima | N79: Ámbar Mite | O79: 5 | P79: 5 | Q79: 5 | R79: 5 | S79: 5 | T79: RT | U79: 45363
L80: 46 | M80: Ana Patiño | N80: Ámbar Mite | O80: 5 | P80: 5 | Q80: 5 | R80: 5 | S80: 5 | T80: RT | U80: 45363
L81: 47 | M81: Regina Kury | N81: Marco Yaguachi | O81: 5 | P81: 5 | Q81: 4 | R81: 4 | S81: 4 | T81: RT | U81: 45363
L82: 48 | M82: Lili Rodditi | N82: Marco Yaguachi | O82: 4 | P82: 5 | Q82: 4 | R82: 4 | S82: 4 | T82: RT | U82: 45363
L83: 49 | M83: Juan Carlos Lima | N83: Ámbar Mite | O83: 5 | P83: 5 | Q83: 5 | R83: 5 | S83: 5 | T83: RT | U83: 45363 | V83: Todo bien!!
L84: 50 | M84: Diego Barcia Castilla | N84: Ámbar Mite | O84: 5 | P84: 5 | Q84: 5 | R84: 5 | S84: 5 | T84: RT | U84: 45363
L85: 51 | M85: Daniel Valverde Balda | N85: Ámbar Mite | O85: 5 | P85: 5 | Q85: 5 | R85: 5 | S85: 5 | T85: RT | U85: 45363
L86: 52 | M86: María de Lourdes santos | N86: Marco Yaguachi | O86: 5 | P86: 5 | Q86: 5 | R86: 5 | S86: 5 | T86: RT | U86: 45363
L87: 53 | M87: Emilio Parodi | N87: Marco Yaguachi | O87: 5 | P87: 5 | Q87: 5 | R87: 4 | S87: 4 | T87: RT | U87: 45363
L88: 54 | M88: Víctor Abad | N88: Marlon | O88: 5 | P88: 5 | Q88: 2 | R88: 2 | S88: 5 | T88: RT | U88: 45364 | V88: variedad de menú. implementar sango de choclo de camarón que había antes.
L89: 55 | M89: Susana Rojas | N89: Erick Jiménez | O89: 5 | P89: 5 | Q89: 5 | R89: 5 | S89: 5 | T89: RT | U89: 45366 | V89: todo muy biem
L90: 56 | M90: David Estrada | N90: Boris Cabrera | O90: 5 | P90: 5 | Q90: 5 | R90: 5 | S90: 5 | T90: RT | U90: 45366
L91: 57 | M91: Raúl Reyes | N91: Boris Cabrera | O91: 5 | P91: 5 | Q91: 5 | R91: 5 | S91: 5 | T91: RT | U91: 45366
L92: 58 | M92: Magno Briones | N92: Marco Yaguachi | O92: 5 | P92: 5 | Q92: 5 | R92: 5 | S92: 5 | T92: RT | U92: 45367
L93: 59 | M93: juan medina | N93: Erick jimenez | O93: 5 | P93: 5 | Q93: 5 | R93: 5 | S93: 5 | T93: RT | U93: 45367
L94: 60 | M94: José ferreti | N94: Erick Jiménez | O94: 5 | P94: 5 | Q94: 5 | R94: 5 | S94: 5 | T94: RT | U94: 45367
L95: 61 | M95: Andrés perez | N95: Erick Jiménez | O95: 5 | P95: 5 | Q95: 5 | R95: 5 | S95: 5 | T95: RT | U95: 45367
L96: 62 | M96: pilar alava | N96: Erick Jiménez | O96: 5 | P96: 5 | Q96: 5 | R96: 5 | S96: 5 | T96: RT | U96: 45367
L97: 63 | M97: Diego crespo | N97: Erick Jiménez | O97: 5 | P97: 5 | Q97: 5 | R97: 5 | S97: 5 | T97: RT | U97: 45367
L98: 64 | M98: Selim Doumet | N98: Marco Yaguachi | O98: 5 | P98: 5 | Q98: 4 | R98: 5 | S98: 5 | T98: RT | U98: 45367
L99: 65 | M99: Sergio Suares | N99: Marco Yaguachi | O99: 5 | P99: 5 | Q99: 5 | R99: 5 | S99: 5 | T99: RT | U99: 45367
L100: 66 | M100: Olga Dito | N100: Raúl Cifuentes | O100: 5 | P100: 5 | Q100: 5 | R100: 5 | S100: 5 | T100: RT | U100: 45367
L101: 67 | M101: Rodrigo Roman | N101: Boris Cabrera | O101: 5 | P101: 5 | Q101: 5 | R101: 5 | S101: 5 | T101: RT | U101: 45367
... L110: 76 | M110: Gregorio Camposano Nuñez | N110: Ámbar Mite | O110: 5 | P110: 5 | Q110: 5 | R110: 5 | S110: 5 | T110: RT | U110: 45368
L111: 77 | M111: Fernando Camposano | O111: 5 | P111: 5 | Q111: 5 | R111: 5 | S111: 5 | T111: RT | U111: 45368
L112: 78 | M112: Fernando Camposano | N112: Ámbar Mite | O112: 5 | P112: 5 | Q112: 5 | R112: 5 | S112: 5 | T112: RT | U112: 45368
L113: 79 | M113: Xavier luque | N113: Erick Jiménez | O113: 5 | P113: 5 | Q113: 5 | R113: 5 | S113: 5 | T113: RT | U113: 45369
L114: 80 | M114: Rómulo vargas | N114: Erick Jiménez | O114: 5 | P114: 5 | Q114: 5 | R114: 5 | S114: 5 | T114: RT | U114: 45369
...

Sheet ANEXO
H3: BP | S3: RA | AV3: RT
D4: Nombre del socio | E4: Quien lo atendió | F4: AMABILIDAD DEL PERSONAL | G4: RAPIDEZ DEL SERVICIO | H4: CALIDAD DE LA COMIDA | I4: VARIEDAD DEL MENU | J4: AMBIENTE ACOGEDOR | K4: AREA | L4: FECHA | O4: Nombre del socio | P4: Quien lo atendió | Q4: AMABILIDAD DEL PERSONAL | R4: RAPIDEZ DEL SERVICIO | S4: CALIDAD DE LA COMIDA | T4: VARIEDAD DEL MENU | U4: AMBIENTE ACOGEDOR | V4: AREA | W4: FECHA | Z4: AMABILIDAD DEL PERSONAL | AA4: RAPIDEZ DEL SERVICIO | AB4: CALIDAD DE LA COMIDA | AC4: VARIEDAD DEL MENU | AD4: AMBIENTE ACOGEDOR | AE4: AREA | AF4: FECHA | AR4: Nombre del socio | AS4: Quien lo atendió | AT4: AMABILIDAD DEL PERSONAL | AU4: RAPIDEZ DEL SERVICIO | AV4: CALIDAD DE LA COMIDA | AW4: VARIEDAD DEL MENU | AX4: AMBIENTE ACOGEDOR | AY4: AREA | AZ4: FECHA
C5: 1 | F5: 0 | G5: 0 | H5: 0 | I5: 0 | J5: 0 | K5: BP | N5: 1 | O5: Belisario Pinto | P5: Daniel Leon | Q5: 5 | R5: 5 | S5: 5 | T5: 5 | U5: 5 | V5: RA | W5: 45323 | AQ5: 1 | AR5: Pedro Solines | AS5: Ambar Mite | AT5: 5 | AU5: 5 | AV5: 5 | AW5: 5 | AX5: 5 | AY5: RT | AZ5: 45353
C6: 2 | K6: BP | N6: 2 | O6: Rubén muños | P6: Kennedy cantos | Q6: 5 | R6: 4 | S6: 4 | T6: 4 | U6: 5 | V6: RA | W6: 45323 | AQ6: 2 | AR6: José Delgado Casanova | AS6: Marlon Pilay | AT6: 4 | AU6: 4 | AV6: 4 | AW6: 4 | AX6: 4 | AY6: RT | AZ6: 45353
C7: 3 | K7: BP | N7: 3 | O7: Maria Torres de Rivadeneria | P7: Eduardo León | Q7: 5 | R7: 5 | S7: 5 | T7: 5 | U7: 5 | V7: RA | W7: 45323 | AQ7: 3 | AR7: Jorge Pazmiño | AS7: Raúl Cifuentes | AT7: 5 | AU7: 5 | AV7: 4 | AW7: 4 | AX7: 4 | AY7: RT | AZ7: 45353
C8: 4 | K8: BP | N8: 4 | O8: Marcia Villavicencio Loor | P8: Eduardo León | Q8: 5 | R8: 5 | S8: 5 | T8: 5 | U8: 5 | V8: RA | W8: 45323 | AQ8: 4 | AR8: Carlos Vascones Flor | AS8: Raúl Cifuentes | AT8: 5 | AU8: 5 | AV8: 4 | AW8: 3 | AX8: 4 | AY8: RT | AZ8: 45353
C9: 5 | K9: BP | N9: 5 | O9: Patricia Andrade Andrade | P9: Eduardo León | Q9: 5 | R9: 3 | S9: 4 | T9: 3 | U9: 5 | V9: RA | W9: 45323 | AQ9: 5 | AR9: Rafael Avellán Huerta | AS9: Erick Jiménez | AT9: 5 | AU9: 5 | AV9: 5 | AW9: 5 | AX9: 5 | AY9: RT | AZ9: 45353
C10: 6 | K10: BP | N10: 6 | AQ10: 6 | AR10: Joanna Lovo Garces | AS10: Ámbar Mite | AT10: 5 | AU10: 5 | AV10: 5 | AW10: 5 | AX10: 5 | AY10: RT | AZ10: 45354
C11: 7 | K11: BP | N11: 7 | AQ11: 7 | AR11: Rafael Martínez Mori | AS11: Ámbar Mite | AT11: 5 | AU11: 5 | AV11: 5 | AW11: 5 | AX11: 5 | AY11: RT | AZ11: 45354
C12: 8 | K12: BP | N12: 8 | AQ12: 8 | AR12: Ernesto Guzman Quiñones | AS12: Ámbar Mite | AT12: 5 | AU12: 5 | AV12: 5 | AW12: 5 | AX12: 5 | AY12: RT | AZ12: 45354
C13: 9 | K13: BP | N13: 9 | AQ13: 9 | AR13: Erazo Muñoz armando | AT13: 5 | AU13: 5 | AV13: 5 | AW13: 4 | AX13: 5 | AY13: RT | AZ13: 45354
C14: 10 | K14: BP | N14: 10 | AQ14: 10 | AR14: queirolo anda María | AT14: 5 | AU14: 4 | AV14: 4 | AW14: 4 | AX14: 3 | AY14: RT | AZ14: 45354
C15: 11 | K15: BP | N15: 11 | AQ15: 11 | AR15: Larrea idrovo Mónica | AT15: 5 | AU15: 5 | AV15: 5 | AW15: 4 | AX15: 5 | AY15: RT | AZ15: 45354
C16: 12 | K16: BP | N16: 12 | AQ16: 12 | AR16: manosalvas Velasco Ricardo | AT16: 5 | AU16: 5 | AV16: 5 | AW16: 5 | AX16: 5 | AY16: RT | AZ16: 45354
C17: 13 | K17: BP | N17: 13 | AQ17: 13 | AR17: quintana Valdez gonzalo | AT17: 5 | AU17: 5 | AV17: 5 | AW17: 5 | AX17: 5 | AY17: RT | AZ17: 45354
C18: 14 | K18: BP | N18: 14 | AQ18: 14 | AR18: Martínez Rafael | AS18: Marlon | AT18: 5 | AU18: 5 | AV18: 5 | AW18: 5 | AX18: 5 | AY18: RT | AZ18: 45354
C19: 15 | K19: BP | N19: 15 | AQ19: 15 | AR19: Chiriboga Alban | AS19: Marlon | AT19: 5 | AU19: 5 | AV19: 5 | AW19: 5 | AX19: 5 | AY19: RT | AZ19: 45354
C20: 16 | K20: BP | N20: 16 | AQ20: 16 | AR20: Elizabeth Bohorquez | AS20: Allison Lopez | AT20: 5 | AU20: 5 | AV20: 4 | AW20: 5 | AX20: 5 | AY20: RT | AZ20: 45355
C21: 17 | K21: BP | N21: 17 | AQ21: 17 | AR21: Elizabeth Bohorquez | AS21: Allison Lopez | AT21: 5 | AU21: 5 | AV21: 4 | AW21: 5 | AX21: 5 | AY21: RT | AZ21: 45355
C22: 18 | K22: BP | N22: 18 | AQ22: 18 | AR22: Francisco Avegno | AS22: Alice | AT22: 5 | AU22: 5 | AV22: 4 | AW22: 4 | AX22: 5 | AY22: RT | AZ22: 45355
C23: 19 | K23: BP | N23: 19 | AQ23: 19 | AR23: Rosanna Plaza | AS23: Marco Yaguachi | AT23: 5 | AU23: 5 | AV23: 5 | AW23: 5 | AX23: 5 | AY23: RT | AZ23: 45356
C24: 20 | K24: BP | N24: 20 | AQ24: 20 | AR24: felipe pezo | AS24: allison | AT24: 5 | AU24: 5 | AV24: 5 | AW24: 5 | AX24: 5 | AY24: RT | AZ24: 45356
C25: 21 | K25: BP | N25: 21 | AQ25: 21 | AR25: Orlando Rodríguez | AS25: Marlon Vinces | AT25: 5 | AU25: 5 | AV25: 5 | AW25: 5 | AX25: 5 | AY25: RT | AZ25: 45356
C26: 22 | K26: BP | N26: 22 | AQ26: 22 | AR26: Edgar Lama | AS26: Marlon Vinces | AT26: 5 | AU26: 5 | AV26: 5 | AW26: 5 | AX26: 5 | AY26: RT | AZ26: 45356
C27: 23 | K27: BP | N27: 23 | AQ27: 23 | AR27: Douglas Macklif | AS27: Marco Yaguachi | AT27: 5 | AU27: 5 | AV27: 4 | AW27: 4 | AX27: 4 | AY27: RT | AZ27: 45356
C28: 24 | K28: BP | N28: 24 | AQ28: 24 | AR28: María Ycaza | AS28: Alison | AT28: 5 | AU28: 4 | AV28: 5 | AW28: 4 | AX28: 4 | AY28: RT | AZ28: 45356
C29: 25 | K29: BP | N29: 25 | AQ29: 25 | AR29: Rubén Estrella iñiga | AS29: Marco Yaguachi | AT29: 5 | AU29: 5 | AV29: 4 | AW29: 4 | AX29: 4 | AY29: RT | AZ29: 45356
... C35: 31 | K35: BP | N35: 31 | AQ35: 31 | AR35: Pedro cedeño | AS35: Erick Jiménez | AT35: 4 | AU35: 5 | AV35: 4 | AW35: 5 | AX35: 5 | AY35: RT | AZ35: 45359
C36: 32 | K36: BP | N36: 32 | AQ36: 32 | AR36: Jorge pazmiño | AT36: 5 | AU36: 5 | AV36: 5 | AW36: 5 | AX36: 5 | AY36: RT | AZ36: 45361
C37: 33 | K37: BP | N37: 33 | AQ37: 33 | AR37: Jorge pazmiño | AT37: 5 | AU37: 5 | AV37: 5 | AW37: 5 | AX37: 5 | AY37: RT | AZ37: 45361
C38: 34 | K38: BP | N38: 34 | AQ38: 34 | AR38: Gustavo Ulloa | AT38: 5 | AU38: 5 | AV38: 5 | AW38: 5 | AX38: 5 | AY38: RT | AZ38: 45361
C39: 35 | K39: BP | N39: 35 | AQ39: 35 | AR39: Julian Barragán | AS39: Erick Jiménez | AT39: 5 | AU39: 5 | AV39: 5 | AW39: 5 | AX39: 5 | AY39: RT | AZ39: 45361
C40: 36 | K40: BP | N40: 36 | AQ40: 36 | AR40: Pilar Gonzales | AS40: Raúl Cifuentes | AT40: 5 | AU40: 5 | AV40: 5 | AW40: 4 | AX40: 5 | AY40: RT | AZ40: 45361
C41: 37 | K41: BP | N41: 37 | AQ41: 37 | AR41: Delia Farah | AS41: Marlon Pilay | AT41: 5 | AU41: 5 | AV41: 5 | AW41: 5 | AX41: 5 | AY41: RT | AZ41: 45361
C42: 38 | K42: BP | N42: 38 | AQ42: 38 | AR42: Katerine Morán | AS42: Richard Pesantes | AT42: 5 | AU42: 5 | AV42: 5 | AW42: 5 | AX42: 5 | AY42: RT | AZ42: 45361
C43: 39 | K43: BP | N43: 39 | AQ43: 39 | AR43: hans shuback | AS43: Erick Jiménez | AT43: 5 | AU43: 5 | AV43: 5 | AW43: 5 | AX43: 5 | AY43: RT | AZ43: 45361
C44: 40 | K44: BP | N44: 40 | AQ44: 40 | AR44: Fernando coronel | AS44: Erick Jiménez | AT44: 5 | AU44: 5 | AV44: 5 | AW44: 4 | AX44: 5 | AY44: RT | AZ44: 45361
C45: 41 | K45: BP | N45: 41 | AQ45: 41 | AR45: María robalino | AS45: erick Jiménez | AT45: 4 | AU45: 5 | AV45: 5 | AW45: 5 | AX45: 5 | AY45: RT | AZ45: 45361
C46: 42 | K46: BP | N46: 42 | AQ46: 42 | AR46: Alfredo avila | AS46: Erick Jiménez | AT46: 5 | AU46: 5 | AV46: 5 | AW46: 5 | AX46: 5 | AY46: RT | AZ46: 45361
C47: 43 | K47: BP | N47: 43 | AQ47: 43 | AR47: Omar Serrano | AS47: Allison y Ambar | AT47: 5 | AU47: 5 | AV47: 5 | AW47: 5 | AX47: 5 | AY47: RT | AZ47: 45362
C48: 44 | K48: BP | N48: 44 | AQ48: 44 | AR48: Daniel Valverde | AS48: Ambar Mite | AT48: 5 | AU48: 5 | AV48: 5 | AW48: 5 | AX48: 5 | AY48: RT | AZ48: 45363
C49: 45 | K49: BP | N49: 45 | AQ49: 45 | AR49: Juan Carlos Lima | AS49: Ámbar Mite | AT49: 5 | AU49: 5 | AV49: 5 | AW49: 5 | AX49: 5 | AY49: RT | AZ49: 45363
C50: 46 | K50: BP | N50: 46 | AQ50: 46 | AR50: Ana Patiño | AS50: Ámbar Mite | AT50: 5 | AU50: 5 | AV50: 5 | AW50: 5 | AX50: 5 | AY50: RT | AZ50: 45363
... C62: 58 | K62: BP | N62: 58 | AQ62: 58 | AR62: Magno Briones | AS62: Marco Yaguachi | AT62: 5 | AU62: 5 | AV62: 5 | AW62: 5 | AX62: 5 | AY62: RT | AZ62: 45367
C63: 59 | K63: BP | N63: 59 | AR63: juan medina | AS63: Erick jimenez | AT63: 5 | AU63: 5 | AV63: 5 | AW63: 5 | AX63: 5 | AZ63: 45367
C64: 60 | K64: BP | N64: 60 | AR64: José ferreti | AS64: Erick Jiménez | AT64: 5 | AU64: 5 | AV64: 5 | AW64: 5 | AX64: 5 | AZ64: 45367
C65: 61 | K65: BP | N65: 61 | AR65: Andrés perez | AS65: Erick Jiménez | AT65: 5 | AU65: 5 | AV65: 5 | AW65: 5 | AX65: 5 | AZ65: 45367
C66: 62 | K66: BP | N66: 62 | AR66: pilar alava | AS66: Erick Jiménez | AT66: 5 | AU66: 5 | AV66: 5 | AW66: 5 | AX66: 5 | AZ66: 45367
C67: 63 | K67: BP | N67: 63 | AR67: Diego crespo | AS67: Erick Jiménez | AT67: 5 | AU67: 5 | AV67: 5 | AW67: 5 | AX67: 5 | AZ67: 45367
C68: 64 | K68: BP | N68: 64 | AR68: Selim Doumet | AS68: Marco Yaguachi | AT68: 5 | AU68: 5 | AV68: 4 | AW68: 5 | AX68: 5 | AZ68: 45367
C69: 65 | K69: BP | N69: 65 | AR69: Sergio Suares | AS69: Marco Yaguachi | AT69: 5 | AU69: 5 | AV69: 5 | AW69: 5 | AX69: 5 | AZ69: 45367
C70: 66 | K70: BP | N70: 66 | AR70: Olga Dito | AS70: Raúl Cifuentes | AT70: 5 | AU70: 5 | AV70: 5 | AW70: 5 | AX70: 5 | AZ70: 45367
C71: 67 | K71: BP | N71: 67 | AR71: Rodrigo Roman | AS71: Boris Cabrera | AT71: 5 | AU71: 5 | AV71: 5 | AW71: 5 | AX71: 5 | AZ71: 45367
C72: 68 | K72: BP | N72: 68 | AR72: Rafael martinez | AS72: Erick Jiménez | AT72: 5 | AU72: 5 | AV72: 5 | AW72: 5 | AX72: 4 | AZ72: 45367
C73: 69 | K73: BP | N73: 69 | AR73: Andrés intriago | AS73: Erick Jiménez | AT73: 5 | AU73: 5 | AV73: 5 | AW73: 5 | AX73: 5 | AZ73: 45367
C74: 70 | K74: BP | N74: 70 | AR74: alberto icaza | AS74: Erick Jiménez | AT74: 5 | AU74: 5 | AV74: 5 | AW74: 5 | AX74: 5 | AZ74: 45367
... C80: 76 | K80: BP | N80: 76 | AR80: Gregorio Camposano Nuñez | AS80: Ámbar Mite | AT80: 5 | AU80: 5 | AV80: 5 | AW80: 5 | AX80: 5 | AZ80: 45368
C81: 77 | K81: BP | N81: 77 | AR81: Fernando Camposano | AT81: 5 | AU81: 5 | AV81: 5 | AW81: 5 | AX81: 5 | AZ81: 45368
C82: 78 | K82: BP | N82: 78 | AR82: Fernando Camposano | AS82: Ámbar Mite | AT82: 5 | AU82: 5 | AV82: 5 | AW82: 5 | AX82: 5 | AZ82: 45368
C83: 79 | K83: BP | N83: 79 | AR83: Xavier luque | AS83: Erick Jiménez | AT83: 5 | AU83: 5 | AV83: 5 | AW83: 5 | AX83: 5 | AZ83: 45369
C84: 80 | K84: BP | N84: 80 | AR84: Rómulo vargas | AS84: Erick Jiménez | AT84: 5 | AU84: 5 | AV84: 5 | AW84: 5 | AX84: 5 | AZ84: 45369
C85: 81 | K85: BP | N85: 81 | AR85: José rodriguez | AS85: Erick Jiménez | AT85: 5 | AU85: 5 | AV85: 5 | AW85: 5 | AX85: 5 | AZ85: 45369
C86: 82 | K86: BP | N86: 82 | AR86: Andrés barriga | AS86: Erick Jiménez | AT86: 5 | AU86: 5 | AV86: 5 | AW86: 5 | AX86: 5 | AZ86: 45369
C87: 83 | K87: BP | N87: 83 | AR87: Daniel Valverde | AS87: Marco Yaguachi | AT87: 5 | AU87: 5 | AV87: 5 | AW87: 5 | AX87: 4 | AZ87: 45371
C88: 84 | K88: BP | N88: 84 | AR88: Mario coka | AS88: Marco Yaguachi | AT88: 5 | AU88: 5 | AV88: 4 | AW88: 4 | AX88: 5 | AZ88: 45372
C89: 85 | K89: BP | N89: 85 | AR89: Alberto Pincay | AS89: Marlon Vinces | AT89: 5 | AU89: 5 | AV89: 5 | AW89: 5 | AX89: 5 | AZ89: 45373
C90: 86 | K90: BP | N90: 86 | AR90: Óscar Moggia | AS90: Ámbar Mite | AT90: 5 | AU90: 5 | AV90: 5 | AW90: 5 | AX90: 5 | AZ90: 45373
C91: 87 | K91: BP | N91: 87 | AR91: Hans Schuback | AS91: Ámbar Mite | AT91: 5 | AU91: 5 | AV91: 5 | AW91: 5 | AX91: 5 | AZ91: 45373
C92: 88 | K92: BP | AR92: María Isabel Briones | AS92: Marlon Vinces | AT92: 5 | AU92: 5 | AV92: 5 | AW92: 5 | AX92: 5 | AZ92: 45373
C93: 89 | K93: BP | AR93: David Gavilanes | AS93: Ambar Mite | AT93: 5 | AU93: 5 | AV93: 5 | AW93: 5 | AX93: 5 | AZ93: 45373
C94: 90 | K94: BP | AR94: Xavier Durán | AS94: Ambar Mite | AT94: 5 | AU94: 5 | AV94: 5 | AW94: 5 | AX94: 5 | AZ94: 45379
C95: 91 | K95: BP | AR95: Harry Huerta | AS95: Ambar Mite | AT95: 5 | AU95: 5 | AV95: 5 | AW95: 5 | AX95: 5 | AZ95: 45379
C96: 92 | K96: BP | AR96: Esteban Ávila | AS96: Raúl Cifuentes | AT96: 5 | AU96: 5 | AV96: 5 | AW96: 5 | AX96: 5 | AZ96: 45379
C97: 93 | K97: BP | AR97: Pablo Pita | AS97: Ambar Mite | AT97: 5 | AU97: 5 | AV97: 4 | AW97: 5 | AX97: 5 | AZ97: 45379
C98: 94 | K98: BP | AR98: Jose Elizalde | AS98: Ambar Mite | AT98: 5 | AU98: 5 | AV98: 5 | AW98: 5 | AX98: 5 | AZ98: 45379
C99: 95 | K99: BP | AR99: Víctor Calderón | AS99: Marco Yaguachi | AT99: 5 | AU99: 5 | AV99: 5 | AW99: 5 | AX99: 5 | AZ99: 45379
AR100: Carlos Vallerino | AS100: Marco Yaguachi | AT100: 5 | AU100: 5 | AV100: 5 | AW100: 5 | AX100: 5 | AZ100: 45379
AR101: Jorge Chon | AS101: Raúl Cifuentes | AT101: 5 | AU101: 5 | AV101: 5 | AW101: 5 | AX101: 5 | AZ101: 45379
AR102: Pedro Huerta | AS102: Marlon Pilay | AT102: 5 | AU102: 5 | AV102: 5 | AW102: 5 | AX102: 5 | AZ102: 45379
AR103: Alfonso Harb | AS103: Marlon Pilay | AT103: 5 | AU103: 5 | AV103: 5 | AW103: 5 | AX103: 5 | AZ103: 45379
AR104: julio orellana | AS104: Erick Jiménez | AT104: 5 | AU104: 5 | AV104: 5 | AW104: 5 | AX104: 5 | AZ104: 45380
AR105: Enrique Avellán | AS105: Erick Jiménez | AT105: 5 | AU105: 5 | AV105: 5 | AW105: 5 | AX105: 5 | AZ105: 45381
AR106: Cesar Ayala | AS106: Erick Jiménez | AT106: 5 | AU106: 5 | AV106: 5 | AW106: 5 | AX106: 5 | AZ106: 45381
F744: BP | Q744: RA | Z744: TT | AI744: RC | AT744: RT
F745: AMABILIDAD DEL PERSONAL | G745: RAPIDEZ DEL SERVICIO | H745: CALIDAD DE LA COMIDA | I745: VARIEDAD DEL MENU | J745: AMBIENTE ACOGEDOR | Q745: AMABILIDAD DEL PERSONAL | R745: RAPIDEZ DEL SERVICIO | S745: CALIDAD DE LA COMIDA | T745: VARIEDAD DEL MENU | U745: AMBIENTE ACOGEDOR | Z745: AMABILIDAD DEL PERSONAL | AA745: RAPIDEZ DEL SERVICIO | AB745: CALIDAD DE LA COMIDA | AC745: VARIEDAD DEL MENU | AD745: AMBIENTE ACOGEDOR | AI745: AMABILIDAD DEL PERSONAL | AJ745: RAPIDEZ DEL SERVICIO | AK745: CALIDAD DE LA COMIDA | AL745: VARIEDAD DEL MENU | AM745: AMBIENTE ACOGEDOR | AT745: AMABILIDAD DEL PERSONAL | AU745: RAPIDEZ DEL SERVICIO | AV745: CALIDAD DE LA COMIDA | AW745: VARIEDAD DEL MENU | AX745: AMBIENTE ACOGEDOR | BA745: AMABILIDAD DEL PERSONAL | BB745: RAPIDEZ DEL SERVICIO | BC745: CALIDAD DE LA COMIDA | BD745: VARIEDAD DEL MENU | BE745: AMBIENTE ACOGEDOR
F746: =SUM(F5:F740) -> 0 | G746: =SUM(G5:G740) -> 0 | H746: =SUM(H5:H740) -> 0 | I746: =SUM(I5:I740) -> 0 | J746: =SUM(J5:J740) -> 0 | Q746: =SUM(Q5:Q740) -> 25 | R746: =SUM(R5:R740) -> 22 | S746: =SUM(S5:S740) -> 23 | T746: =SUM(T5:T740) -> 22 | U746: =SUM(U5:U740) -> 25 | Z746: =SUM(Z5:Z740) -> 0 | AA746: =SUM(AA5:AA740) -> 0 | AB746: =SUM(AB5:AB740) -> 0 | AC746: =SUM(AC5:AC740) -> 0 | AD746: =SUM(AD5:AD740) -> 0 | AI746: =SUM(AI5:AI740) -> 0 | AJ746: =SUM(AJ5:AJ740) -> 0 | AK746: =SUM(AK5:AK740) -> 0 | AL746: =SUM(AL5:AL740) -> 0 | AM746: =SUM(AM5:AM740) -> 0 | AT746: =SUM(AT5:AT740) -> 506 | AU746: =SUM(AU5:AU740) -> 505 | AV746: =SUM(AV5:AV740) -> 491 | AW746: =SUM(AW5:AW740) -> 489 | AX746: =SUM(AX5:AX740) -> 495
F748: =AVERAGE(F5:F740) -> 0 | G748: =AVERAGE(G5:G740) -> 0 | H748: =AVERAGE(H5:H740) -> 0 | I748: =AVERAGE(I5:I740) -> 0 | J748: =AVERAGE(J5:J740) -> 0 | Q748: =AVERAGE(Q5:Q740) -> 5 | R748: =AVERAGE(R5:R740) -> 4.4 | S748: =AVERAGE(S5:S740) -> 4.6 | T748: =AVERAGE(T5:T740) -> 4.4 | U748: =AVERAGE(U5:U740) -> 5 | Z748: =AVERAGE(Z5:Z740) -> #DIV/0! | AA748: =AVERAGE(AA5:AA740) -> #DIV/0! | AB748: =AVERAGE(AB5:AB740) -> #DIV/0! | AC748: =AVERAGE(AC5:AC740) -> #DIV/0! | AD748: =AVERAGE(AD5:AD740) -> #DIV/0! | AI748: =AVERAGE(AI5:AI740) -> #DIV/0! | AJ748: =AVERAGE(AJ5:AJ740) -> #DIV/0! | AK748: =AVERAGE(AK5:AK740) -> #DIV/0! | AL748: =AVERAGE(AL5:AL740) -> #DIV/0! | AM748: =AVERAGE(AM5:AM740) -> #DIV/0! | AT748: =AVERAGE(AT5:AT740) -> 4.9607843 | AU748: =AVERAGE(AU5:AU740) -> 4.9509804 | AV748: =AVERAGE(AV5:AV740) -> 4.8137255 | AW748: =AVERAGE(AW5:AW740) -> 4.7941176 | AX748: =AVERAGE(AX5:AX740) -> 4.8529412
F749: =F748/5 -> 0 | G749: =G748/5 -> 0 | H749: =H748/5 -> 0 | I749: =I748/5 -> 0 | J749: =J748/5 -> 0 | Q749: =Q748/5 -> 1 | R749: =R748/5 -> 0.88 | S749: =S748/5 -> 0.92 | T749: =T748/5 -> 0.88 | U749: =U748/5 -> 1 | Z749: =Z748/5 -> #DIV/0! | AA749: =AA748/5 -> #DIV/0! | AB749: =AB748/5 -> #DIV/0! | AC749: =AC748/5 -> #DIV/0! | AD749: =AD748/5 -> #DIV/0! | AI749: =AI748/5 -> #DIV/0! | AJ749: =AJ748/5 -> #DIV/0! | AK749: =AK748/5 -> #DIV/0! | AL749: =AL748/5 -> #DIV/0! | AM749: =AM748/5 -> #DIV/0! | AT749: =AT748/5 -> 0.99215686 | AU749: =AU748/5 -> 0.99019608 | AV749: =AV748/5 -> 0.9627451 | AW749: =AW748/5 -> 0.95882353 | AX749: =AX748/5 -> 0.97058824
F750: =SUMIF($F$5:$F$744,5) -> 0 | G750: =SUMIF($G$5:$G$744,5) -> 0 | H750: =SUMIF($H$5:$H$744,5) -> 0 | I750: =SUMIF($I$5:$I$744,5) -> 0 | J750: =SUMIF($J$5:$J$744,5) -> 0 | Q750: =SUMIF($Q$5:$Q$740,5) -> 25 | R750: =SUMIF($R$5:$R$740,5) -> 15 | S750: =SUMIF($S$5:$S$740,5) -> 15 | T750: =SUMIF($T$5:$T$740,5) -> 15 | U750: =SUMIF($U$5:$U$740,5) -> 25 | Z750: =SUMIF($Z$5:$Z$740,5) -> 0 | AA750: =SUMIF($AA$5:$AA$740,5) -> 0 | AB750: =SUMIF($AB$5:$AB$740,5) -> 0 | AC750: =SUMIF($AC$5:$AC$740,5) -> 0 | AD750: =SUMIF($AD$5:$AD$740,5) -> 0 | AI750: =SUMIF($AI$5:$AI$740,5) -> 0 | AJ750: =SUMIF($AJ$5:$AJ$740,5) -> 0 | AK750: =SUMIF($AK$5:$AK$740,5) -> 0 | AL750: =SUMIF($AL$5:$AL$740,5) -> 0 | AM750: =SUMIF($AM$5:$AM$740,5) -> 0 | AT750: =SUMIF($AT$5:$AT$740,5) -> 490 | AU750: =SUMIF($AU$5:$AU$740,5) -> 485 | AV750: =SUMIF($AV$5:$AV$740,5) -> 425 | AW750: =SUMIF($AW$5:$AW$740,5) -> 420 | AX750: =SUMIF($AX$5:$AX$740,5) -> 440 | BA750: =F750+Q750+Z750+AI750+AT750 -> 515 | BB750: =G750+R750+AA750+AJ750+AU750 -> 500 | BC750: =H750+S750+AB750+AK750+AV750 -> 440 | BD750: =I750+T750+AC750+AL750+AW750 -> 435 | BE750: =J750+U750+AD750+AM750+AX750 -> 465
F751: =SUMIF($F$5:$F$744,4) -> 0 | G751: =SUMIF($G$5:$G$744,4) -> 0 | H751: =SUMIF($H$5:$H$744,4) -> 0 | I751: =SUMIF($I$5:$I$744,4) -> 0 | J751: =SUMIF($J$5:$J$744,4) -> 0 | Q751: =SUMIF($Q$5:$Q$740,4) -> 0 | R751: =SUMIF($R$5:$R$740,4) -> 4 | S751: =SUMIF($S$5:$S$740,4) -> 8 | T751: =SUMIF($T$5:$T$740,4) -> 4 | U751: =SUMIF($U$5:$U$740,4) -> 0 | Z751: =SUMIF($Z$5:$Z$740,4) -> 0 | AA751: =SUMIF($AA$5:$AA$740,4) -> 0 | AB751: =SUMIF($AB$5:$AB$740,4) -> 0 | AC751: =SUMIF($AC$5:$AC$740,4) -> 0 | AD751: =SUMIF($AD$5:$AD$740,4) -> 0 | AI751: =SUMIF($AI$5:$AI$740,4) -> 0 | AJ751: =SUMIF($AJ$5:$AJ$740,4) -> 0 | AK751: =SUMIF($AK$5:$AK$740,4) -> 0 | AL751: =SUMIF($AL$5:$AL$740,4) -> 0 | AM751: =SUMIF($AM$5:$AM$740,4) -> 0 | AT751: =SUMIF($AT$5:$AT$740,4) -> 16 | AU751: =SUMIF($AU$5:$AU$740,4) -> 20 | AV751: =SUMIF($AV$5:$AV$740,4) -> 64 | AW751: =SUMIF($AW$5:$AW$740,4) -> 64 | AX751: =SUMIF($AX$5:$AX$740,4) -> 52 | BA751: =F751+Q751+Z751+AI751+AT751 -> 16 | BB751: =G751+R751+AA751+AJ751+AU751 -> 24 | BC751: =H751+S751+AB751+AK751+AV751 -> 72 | BD751: =I751+T751+AC751+AL751+AW751 -> 68 | BE751: =J751+U751+AD751+AM751+AX751 -> 52
F752: =SUMIF($F$5:$F$744,3) -> 0 | G752: =SUMIF($G$5:$G$744,3) -> 0 | H752: =SUMIF($H$5:$H$744,3) -> 0 | I752: =SUMIF($I$5:$I$744,3) -> 0 | J752: =SUMIF($J$5:$J$744,3) -> 0 | Q752: =SUMIF($Q$5:$Q$740,3) -> 0 | R752: =SUMIF($R$5:$R$740,3) -> 3 | S752: =SUMIF($S$5:$S$740,3) -> 0 | T752: =SUMIF($T$5:$T$740,3) -> 3 | U752: =SUMIF($U$5:$U$740,3) -> 0 | Z752: =SUMIF($Z$5:$Z$740,3) -> 0 | AA752: =SUMIF($AA$5:$AA$740,3) -> 0 | AB752: =SUMIF($AB$5:$AB$740,3) -> 0 | AC752: =SUMIF($AC$5:$AC$740,3) -> 0 | AD752: =SUMIF($AD$5:$AD$740,3) -> 0 | AI752: =SUMIF($AI$5:$AI$740,3) -> 0 | AJ752: =SUMIF($AJ$5:$AJ$740,3) -> 0 | AK752: =SUMIF($AK$5:$AK$740,3) -> 0 | AL752: =SUMIF($AL$5:$AL$740,3) -> 0 | AM752: =SUMIF($AM$5:$AM$740,3) -> 0 | AT752: =SUMIF($AT$5:$AT$740,3) -> 0 | AU752: =SUMIF($AU$5:$AU$740,3) -> 0 | AV752: =SUMIF($AV$5:$AV$740,3) -> 0 | AW752: =SUMIF($AW$5:$AW$740,3) -> 3 | AX752: =SUMIF($AX$5:$AX$740,3) -> 3 | BA752: =F752+Q752+Z752+AI752+AT752 -> 0 | BB752: =G752+R752+AA752+AJ752+AU752 -> 3 | BC752: =H752+S752+AB752+AK752+AV752 -> 0 | BD752: =I752+T752+AC752+AL752+AW752 -> 6 | BE752: =J752+U752+AD752+AM752+AX752 -> 3
F753: =SUMIF($F$5:$F$744,2) -> 0 | G753: =SUMIF($G$5:$G$744,2) -> 0 | H753: =SUMIF($H$5:$H$744,2) -> 0 | I753: =SUMIF($I$5:$I$744,2) -> 0 | J753: =SUMIF($J$5:$J$744,2) -> 0 | Q753: =SUMIF($Q$5:$Q$740,2) -> 0 | R753: =SUMIF($R$5:$R$740,2) -> 0 | S753: =SUMIF($S$5:$S$740,2) -> 0 | T753: =SUMIF($T$5:$T$740,2) -> 0 | U753: =SUMIF($U$5:$U$740,2) -> 0 | Z753: =SUMIF($Z$5:$Z$740,2) -> 0 | AA753: =SUMIF($AA$5:$AA$740,2) -> 0 | AB753: =SUMIF($AB$5:$AB$740,2) -> 0 | AC753: =SUMIF($AC$5:$AC$740,2) -> 0 | AD753: =SUMIF($AD$5:$AD$740,2) -> 0 | AI753: =SUMIF($AI$5:$AI$740,2) -> 0 | AJ753: =SUMIF($AJ$5:$AJ$740,2) -> 0 | AK753: =SUMIF($AK$5:$AK$740,2) -> 0 | AL753: =SUMIF($AL$5:$AL$740,2) -> 0 | AM753: =SUMIF($AM$5:$AM$740,2) -> 0 | AT753: =SUMIF($AT$5:$AT$740,2) -> 0 | AU753: =SUMIF($AU$5:$AU$740,2) -> 0 | AV753: =SUMIF($AV$5:$AV$740,2) -> 2 | AW753: =SUMIF($AW$5:$AW$740,2) -> 2 | AX753: =SUMIF($AX$5:$AX$740,2) -> 0 | BA753: =F753+Q753+Z753+AI753+AT753 -> 0 | BB753: =G753+R753+AA753+AJ753+AU753 -> 0 | BC753: =H753+S753+AB753+AK753+AV753 -> 2 | BD753: =I753+T753+AC753+AL753+AW753 -> 2 | BE753: =J753+U753+AD753+AM753+AX753 -> 0
F754: =SUMIF($F$5:$F$744,1) -> 0 | G754: =SUMIF($G$5:$G$744,1) -> 0 | H754: =SUMIF($H$5:$H$744,1) -> 0 | I754: =SUMIF($I$5:$I$744,1) -> 0 | J754: =SUMIF($J$5:$J$744,1) -> 0 | Q754: =SUMIF($Q$5:$Q$740,1) -> 0 | R754: =SUMIF($R$5:$R$740,1) -> 0 | S754: =SUMIF($S$5:$S$740,1) -> 0 | T754: =SUMIF($T$5:$T$740,1) -> 0 | U754: =SUMIF($U$5:$U$740,1) -> 0 | Z754: =SUMIF($Z$5:$Z$740,1) -> 0 | AA754: =SUMIF($AA$5:$AA$740,1) -> 0 | AB754: =SUMIF($AB$5:$AB$740,1) -> 0 | AC754: =SUMIF($AC$5:$AC$740,1) -> 0 | AD754: =SUMIF($AD$5:$AD$740,1) -> 0 | AI754: =SUMIF($AI$5:$AI$740,1) -> 0 | AJ754: =SUMIF($AJ$5:$AJ$740,1) -> 0 | AK754: =SUMIF($AK$5:$AK$740,1) -> 0 | AL754: =SUMIF($AL$5:$AL$740,1) -> 0 | AM754: =SUMIF($AM$5:$AM$740,1) -> 0 | AT754: =SUMIF($AT$5:$AT$740,1) -> 0 | AU754: =SUMIF($AU$5:$AU$740,1) -> 0 | AV754: =SUMIF($AV$5:$AV$740,1) -> 0 | AW754: =SUMIF($AW$5:$AW$740,1) -> 0 | AX754: =SUMIF($AX$5:$AX$740,1) -> 0 | BA754: =F754+Q754+Z754+AI754+AT754 -> 0 | BB754: =G754+R754+AA754+AJ754+AU754 -> 0 | BC754: =H754+S754+AB754+AK754+AV754 -> 0 | BD754: =I754+T754+AC754+AL754+AW754 -> 0 | BE754: =J754+U754+AD754+AM754+AX754 -> 0
F756: =F750/5 -> 0 | G756: =G750/5 -> 0 | H756: =H750/5 -> 0 | I756: =I750/5 -> 0 | J756: =J750/5 -> 0 | Q756: =Q750/5 -> 5 | R756: =R750/5 -> 3 | S756: =S750/5 -> 3 | T756: =T750/5 -> 3 | U756: =U750/5 -> 5 | Z756: =Z750/5 -> 0 | AA756: =AA750/5 -> 0 | AB756: =AB750/5 -> 0 | AC756: =AC750/5 -> 0 | AD756: =AD750/5 -> 0 | AI756: =AI750/5 -> 0 | AJ756: =AJ750/5 -> 0 | AK756: =AK750/5 -> 0 | AL756: =AL750/5 -> 0 | AM756: =AM750/5 -> 0 | AT756: =AT750/5 -> 98 | AU756: =AU750/5 -> 97 | AV756: =AV750/5 -> 85 | AW756: =AW750/5 -> 84 | AX756: =AX750/5 -> 88 | AZ756: Excelente | BA756: =BA750/5 -> 103 | BB756: =BB750/5 -> 100 | BC756: =BC750/5 -> 88 | BD756: =BD750/5 -> 87 | BE756: =BE750/5 -> 93
F757: =F751/4 -> 0 | G757: =G751/4 -> 0 | H757: =H751/4 -> 0 | I757: =I751/4 -> 0 | J757: =J751/4 -> 0 | Q757: =Q751/4 -> 0 | R757: =R751/4 -> 1 | S757: =S751/4 -> 2 | T757: =T751/4 -> 1 | U757: =U751/4 -> 0 | Z757: =Z751/4 -> 0 | AA757: =AA751/4 -> 0 | AB757: =AB751/4 -> 0 | AC757: =AC751/4 -> 0 | AD757: =AD751/4 -> 0 | AI757: =AI751/4 -> 0 | AJ757: =AJ751/4 -> 0 | AK757: =AK751/4 -> 0 | AL757: =AL751/4 -> 0 | AM757: =AM751/4 -> 0 | AT757: =AT751/4 -> 4 | AU757: =AU751/4 -> 5 | AV757: =AV751/4 -> 16 | AW757: =AW751/4 -> 16 | AX757: =AX751/4 -> 13 | AZ757: Muy Bueno | BA757: =BA751/4 -> 4 | BB757: =BB751/4 -> 6 | BC757: =BC751/4 -> 18 | BD757: =BD751/4 -> 17 | BE757: =BE751/4 -> 13
F758: =F752/3 -> 0 | G758: =G752/3 -> 0 | H758: =H752/3 -> 0 | I758: =I752/3 -> 0 | J758: =J752/3 -> 0 | Q758: =Q752/3 -> 0 | R758: =R752/3 -> 1 | S758: =S752/3 -> 0 | T758: =T752/3 -> 1 | U758: =U752/3 -> 0 | Z758: =Z752/3 -> 0 | AA758: =AA752/3 -> 0 | AB758: =AB752/3 -> 0 | AC758: =AC752/3 -> 0 | AD758: =AD752/3 -> 0 | AI758: =AI752/3 -> 0 | AJ758: =AJ752/4 -> 0 | AK758: =AK752/4 -> 0 | AL758: =AL752/4 -> 0 | AM758: =AM752/4 -> 0 | AT758: =AT752/3 -> 0 | AU758: =AU752/3 -> 0 | AV758: =AV752/3 -> 0 | AW758: =AW752/3 -> 1 | AX758: =AX752/3 -> 1 | AZ758: Neutro | BA758: =BA752/3 -> 0 | BB758: =BB752/3 -> 1 | BC758: =BC752/3 -> 0 | BD758: =BD752/3 -> 2 | BE758: =BE752/3 -> 1
F759: =F753/2 -> 0 | G759: =G753/2 -> 0 | H759: =H753/2 -> 0 | I759: =I753/2 -> 0 | J759: =J753/2 -> 0 | Q759: =Q753/2 -> 0 | R759: =R753/2 -> 0 | S759: =S753/2 -> 0 | T759: =T753/2 -> 0 | U759: =U753/2 -> 0 | Z759: =Z753/2 -> 0 | AA759: =AA753/2 -> 0 | AB759: =AB753/2 -> 0 | AC759: =AC753/2 -> 0 | AD759: =AD753/2 -> 0 | AI759: =AI753/2 -> 0 | AJ759: =AJ753/4 -> 0 | AK759: =AK753/2 -> 0 | AL759: =AL753/4 -> 0 | AM759: =AM753/4 -> 0 | AT759: =AT753/2 -> 0 | AU759: =AU753/2 -> 0 | AV759: =AV753/2 -> 1 | AW759: =AW753/2 -> 1 | AX759: =AX753/2 -> 0 | AZ759: Regular | BA759: =BA753/2 -> 0 | BB759: =BB753/2 -> 0 | BC759: =BC753/2 -> 1 | BD759: =BD753/2 -> 1 | BE759: =BE753/2 -> 0
F760: =F754/1 -> 0 | G760: =G754/1 -> 0 | H760: =H754/1 -> 0 | I760: =I754/1 -> 0 | J760: =J754/1 -> 0 | Q760: =Q754/1 -> 0 | R760: =R754/1 -> 0 | S760: =S754/1 -> 0 | T760: =T754/1 -> 0 | U760: =U754/1 -> 0 | Z760: =Z754/1 -> 0 | AA760: =AA754/1 -> 0 | AB760: =AB754/1 -> 0 | AC760: =AC754/1 -> 0 | AD760: =AD754/1 -> 0 | AI760: =AI754/1 -> 0 | AJ760: =AJ754/4 -> 0 | AK760: =AK754/1 -> 0 | AL760: =AL754/4 -> 0 | AM760: =AM754/4 -> 0 | AT760: =AT754/1 -> 0 | AU760: =AU754/1 -> 0 | AV760: =AV754/1 -> 0 | AW760: =AW754/1 -> 0 | AX760: =AX754/1 -> 0 | AZ760: Malo | BA760: =BA754/1 -> 0 | BB760: =BB754/1 -> 0 | BC760: =BC754/1 -> 0 | BD760: =BD754/1 -> 0 | BE760: =BE754/1 -> 0
F761: =SUM(F756:F760) -> 0 | G761: =SUM(G756:G760) -> 0 | H761: =SUM(H756:H760) -> 0 | I761: =SUM(I756:I760) -> 0 | J761: =SUM(J756:J760) -> 0 | Q761: =SUM(Q756:Q760) -> 5 | R761: =SUM(R756:R760) -> 5 | S761: =SUM(S756:S760) -> 5 | T761: =SUM(T756:T760) -> 5 | U761: =SUM(U756:U760) -> 5 | Z761: =SUM(Z756:Z760) -> 0 | AA761: =SUM(AA756:AA760) -> 0 | AB761: =SUM(AB756:AB760) -> 0 | AC761: =SUM(AC756:AC760) -> 0 | AD761: =SUM(AD756:AD760) -> 0 | AI761: =SUM(AI756:AI760) -> 0 | AJ761: =SUM(AJ756:AJ760) -> 0 | AK761: =SUM(AK756:AK760) -> 0 | AL761: =SUM(AL756:AL760) -> 0 | AM761: =SUM(AM756:AM760) -> 0 | AT761: =SUM(AT756:AT760) -> 102 | AU761: =SUM(AU756:AU760) -> 102 | AV761: =SUM(AV756:AV760) -> 102 | AW761: =SUM(AW756:AW760) -> 102 | AX761: =SUM(AX756:AX760) -> 102 | BA761: =SUM(BA756:BA760) -> 107 | BB761: =SUM(BB756:BB760) -> 107 | BC761: =SUM(BC756:BC760) -> 107 | BD761: =SUM(BD756:BD760) -> 107 | BE761: =SUM(BE756:BE760) -> 107
AZ764: Excelente | BA764: =BA756/$BA$761 -> 0.96261682 | BB764: =BB756/$BB$761 -> 0.93457944 | BC764: =BC756/$BC$761 -> 0.82242991 | BD764: =BD756/$BD$761 -> 0.81308411 | BE764: =BE756/$BE$761 -> 0.86915888
...

Sheet INDICADORES
B1: SISTEMA DE MANEJO DE INDICADORES
B3: Área/Departamento: GESTIÓN DE CALIDAD | E3: Fecha período analizado: | F3: MARZO 2024
B4: Frecuencia de Impresión : MENSUAL | E4: Fecha de elaboración: | F4: 45383
B7: INDICADORES | C7: Unidad | D7: Mínimo | E7: Objetivo | F7: PROMEDIO
G9: ..
B11: Satisfacción del socio en cuanto a la Amabilidad personal en BP | C11: # | D11: 0.9 | E11: 1 | F11: =ANEXO!F749 -> 0
B12: Satisfacción del Socio en cuanto a la Rapidez del servicio BP | C12: # | D12: 0.9 | E12: 1 | F12: =ANEXO!G749 -> 0
B13: Satisfacción del Socio en cuanto a la Calidad de la Comida BP | C13: # | D13: 0.9 | E13: 1 | F13: =ANEXO!H749 -> 0
B14: Satisfacción del Socio en cuanto a la variedad del menú BP | C14: # | D14: 0.9 | E14: 1 | F14: =ANEXO!I749 -> 0
B15: Satisfacción del Socio en cuanto al Ambiente Acogedor BP | C15: # | D15: 0.9 | E15: 1 | F15: =ANEXO!J749 -> 0
B16: Satisfacción del socio en cuanto a la Amabilidad personal en Aqua | C16: # | D16: 0.9 | E16: 1 | F16: =ANEXO!Q$749 -> 1
B17: Satisfacción del Socio en cuanto a la Rapidez del servicio Aqua | C17: # | D17: 0.9 | E17: 1 | F17: =ANEXO!R749 -> 0.88
B18: Satisfacción del Socio en cuanto a la Calidad de la Comida Aqua | C18: # | D18: 0.9 | E18: 1 | F18: =ANEXO!S749 -> 0.92
B19: Satisfacción del Socio en cuanto a la variedad del menú Aqua | C19: # | D19: 0.9 | E19: 1 | F19: =ANEXO!T749 -> 0.88
B20: Satisfacción del Socio en cuanto al Ambiente Acogedor Aqua | C20: # | D20: 0.9 | E20: 1 | F20: =ANEXO!U749 -> 1
B21: Satisfacción del socio en cuanto a la Amabilidad del personal en TT | C21: # | D21: 0.9 | E21: 1
B22: Satisfacción del Socio en cuanto a la Rapidez del servicio TT | C22: # | D22: 0.9 | E22: 1
B23: Satisfacción del Socio en cuanto a la Calidad de la Comida TT | C23: # | D23: 0.9 | E23: 1
B24: Satisfacción del Socio en cuanto a la variedad del menú TT | C24: # | D24: 0.9 | E24: 1
B25: Satisfacción del Socio en cuanto al Ambiente Acogedor TT | C25: # | D25: 0.9 | E25: 1
B26: Amabilidad del personal Restaurante Rooftop | C26: # | D26: 0.9 | E26: 1 | F26: =ANEXO!AT749 -> 0.99215686
B27: Rapidez del servicio Restaurante Rooftop | C27: # | D27: 0.9 | E27: 1 | F27: =ANEXO!AU749 -> 0.99019608
B28: Calidad de la Comida Restaurante Rooftop | C28: # | D28: 0.9 | E28: 1 | F28: =ANEXO!AV749 -> 0.9627451
B29: Variedad del menú Restaurante Rooftop | C29: # | D29: 0.9 | E29: 1 | F29: =ANEXO!AW749 -> 0.95882353
B30: Ambiente Acogedor Restaurante Rooftop | C30: # | D30: 0.9 | E30: 1 | F30: =ANEXO!AX749 -> 0.97058824
B33: Amabilidad del personal | C33: # | D33: 0.9 | E33: 1 | F33: =(F16+F21+F26)/2 -> 0.99607843
B34: Rapidez del servicio | C34: # | D34: 0.9 | E34: 1 | F34: =(F12+F17+F22+F27)/2 -> 0.93509804
B35: Calidad de la Comida | C35: # | D35: 0.9 | E35: 1 | F35: =(F13+F18+F23+F28)/2 -> 0.94137255
B36: Variedad del menu | C36: # | D36: 0.9 | E36: 1 | F36: =(F14+F19+F24+F29)/2 -> 0.91941176
B37: Ambiente Acogedor | C37: # | D37: 0.9 | E37: 1 | F37: =(F15+F20+F25+F30)/2 -> 0.98529412
F38: =AVERAGE(F33:F37) -> 0.95545098
