Workbook

Sheet DATOS
D5: AMABILIDAD DEL PERSONAL | E5: RAPIDEZ DEL SERVICIO | F5: CALIDAD DE LA COMIDA | G5: VARIEDAD DEL MENU | H5: AMBIENTE ACOGEDOR | I5: AREA | M5: Nombre del socio | N5: Quien lo atendió | O5: AMABILIDAD DEL PERSONAL | P5: RAPIDEZ DEL SERVICIO | Q5: CALIDAD DE LA COMIDA | R5: VARIEDAD DEL MENU | S5: AMBIENTE ACOGEDOR | T5: AREA | U5: FECHA | V5: COMENTARIOS Y SUGERENCIAS
L6: 1 | M6: Mario proaño | N6: luis saltos | O6: 5 | P6: 5 | Q6: 5 | R6: 5 | S6: 5 | T6: BP | U6: 45415
L7: 2 | M7: Mario proaño | N7: luis saltos | O7: 5 | P7: 5 | Q7: 5 | R7: 5 | S7: 5 | T7: BP | U7: 45415
L8: 3 | M8: liviere moreno | N8: Efraín campoverde | O8: 5 | P8: 5 | Q8: 5 | R8: 5 | S8: 5 | T8: BP | U8: 45415
L9: 4 | M9: Claudia Mendoza | N9: Efraín Campoverde | O9: 5 | P9: 5 | Q9: 5 | R9: 5 | S9: 5 | T9: BP | U9: 45415 | V9: Todo excelente
L10: 5 | M10: Claudia Mendoza | N10: Efraín Campoverde | O10: 5 | P10: 5 | Q10: 5 | R10: 5 | S10: 5 | T10: BP | U10: 45415 | V10: Todo excelente
L11: 6 | M11: Johnny Garcia | N11: Efrén Campoverde | O11: 5 | P11: 4 | Q11: 5 | R11: 4 | S11: 4 | T11: BP | U11: 45416
L12: 7 | M12: Johnny Garcia | N12: Efrén Campoverde | O12: 5 | P12: 5 | Q12: 5 | R12: 5 | S12: 4 | T12: BP | U12: 45416
L13: 8 | M13: Sebastián Ramírez | N13: Efraín Campoverde | O13: 5 | P13: 4 | Q13: 4 | R13: 3 | S13: 5 | T13: BP | U13: 45416
L14: 9 | M14: Elly !ay Sánchez | N14: Efraín Campoverde | O14: 5 | P14: 5 | Q14: 5 | R14: 5 | S14: 5 | T14: BP | U14: 45416 | V14: todo estuvo excelente
L15: 10 | M15: Giuliana Graber | N15: Efrén Campoverde | O15: 5 | P15: 5 | Q15: 5 | R15: 5 | S15: 5 | T15: BP | U15: 45417
L16: 11 | M16: pedro zevallos Navarro | N16: Fausto | O16: 5 | P16: 5 | Q16: 5 | R16: 5 | S16: 5 | T16: BP | U16: 45417
L17: 12 | M17: pedro zevallos Navarro | N17: Fausto | O17: 5 | P17: 5 | Q17: 5 | R17: 5 | S17: 5 | T17: BP | U17: 45417
L18: 13 | M18: Freddy Rodriguez Endara | N18: Efrain | O18: 5 | P18: 5 | Q18: 5 | R18: 5 | S18: 5 | T18: BP | U18: 45417
L19: 14 | M19: Freddy Rodriguez Endara | N19: Efrain | O19: 5 | P19: 5 | Q19: 5 | R19: 5 | S19: 5 | T19: BP | U19: 45417
L20: 15 | M20: José Moscoso | N20: Segundo Rivera | O20: 5 | P20: 5 | Q20: 5 | R20: 5 | S20: 5 | T20: BP | U20: 45417
L21: 16 | M21: Jimmy salazar | N21: rivera | O21: 5 | P21: 5 | Q21: 5 | R21: 3 | S21: 5 | T21: BP | U21: 45417
L22: 17 | M22: Estefanía jacome | N22: Efraín campoverde | O22: 5 | P22: 5 | Q22: 4 | R22: 5 | S22: 5 | T22: BP | U22: 45417
L23: 18 | M23: Eduardo altamirano | N23: fausto | O23: 5 | P23: 5 | Q23: 5 | R23: 5 | S23: 5 | T23: BP | U23: 45419 | V23: muybuenmesero
L24: 19 | M24: marco Ramírez franco | N24: Susana salinas | O24: 1 | P24: 1 | Q24: 1 | R24: 1 | S24: 1 | T24: BP | U24: 45419 | V24: exelente
L25: 20 | M25: Nicolás Jungbluth | N25: Efraín Campoverde | O25: 5 | P25: 5 | Q25: 5 | R25: 5 | S25: 5 | T25: BP | U25: 45420 | V25: Todo excelente!
L26: 21 | M26: Xavier Chavarría Baquerizo | N26: Susana salinas | O26: 5 | P26: 5 | Q26: 5 | R26: 5 | S26: 5 | T26: BP | U26: 45420
L27: 22 | M27: Jose solines Aguayo | N27: Wellington | O27: 5 | P27: 4 | Q27: 5 | R27: 4 | S27: 5 | T27: BP | U27: 45428
L28: 23 | M28: Gaston León Nuques | N28: Daniel Leon | O28: 5 | P28: 5 | Q28: 5 | R28: 5 | S28: 5 | T28: BP | U28: 45428
L29: 24 | M29: Luigi Ramirez Baquero | N29: Elohim Vasquez | O29: 5 | P29: 5 | Q29: 5 | R29: 5 | S29: 5 | T29: BP | U29: 45428
L30: 25 | M30: Aquiles Guerrero | N30: Kennedy Cantos Mosquera | O30: 5 | P30: 4 | Q30: 4 | R30: 4 | S30: 4 | T30: BP | U30: 45428
L31: 26 | M31: Juan Carlos Pinchin Soriano | N31: Elohim Vásquez | O31: 5 | P31: 4 | Q31: 4 | R31: 4 | S31: 4 | T31: BP | U31: 45428
L32: 27 | M32: Javier salazar | N32: Efraín | O32: 5 | P32: 5 | Q32: 5 | R32: 5 | S32: 5 | T32: BP | U32: 45430
L33: 28 | M33: Francisco Peña | N33: Efrain | O33: 5 | P33: 5 | Q33: 5 | R33: 5 | S33: 5 | T33: BP | U33: 45430
L34: 29 | M34: Gregorio Camposano | N34: Efrain | O34: 5 | P34: 5 | Q34: 5 | R34: 5 | S34: 5 | T34: BP | U34: 45430 | V34: Bien
L35: 30 | M35: jorge | N35: Efrain | O35: 5 | P35: 5 | Q35: 5 | R35: 5 | S35: 5 | T35: BP | U35: 45430
L36: 31 | M36: José Ferretti Calderon | N36: Efrain | O36: 5 | P36: 5 | Q36: 5 | R36: 5 | S36: 5 | T36: BP | U36: 45430
L37: 32 | M37: MOISÉS SOSA | N37: EFRAIN CAMPOVERDE | O37: 5 | P37: 5 | Q37: 5 | R37: 5 | S37: 5 | T37: BP | U37: 45430
L38: 33 | M38: Allan yepez | N38: susana | O38: 5 | P38: 5 | Q38: 5 | R38: 5 | S38: 5 | T38: BP | U38: 45430
L39: 34 | M39: carlos concha | N39: Enrique | O39: 5 | P39: 5 | Q39: 5 | R39: 5 | S39: 5 | T39: BP | U39: 45434
L40: 35 | M40: Barragán medina | N40: Efraín Campoverde | O40: 5 | P40: 5 | Q40: 5 | R40: 5 | S40: 5 | T40: BP | U40: 45436
L41: 36 | M41: Verónica Plaza | N41: Efrain cAmpo ve rde | O41: 5 | P41: 5 | Q41: 5 | R41: 5 | S41: 5 | T41: BP | U41: 45436 | V41: todo bien
L42: 37 | M42: Patricia Tacury | N42: Efrain cAmpo | O42: 5 | P42: 5 | Q42: 5 | R42: 5 | S42: 5 | T42: BP | U42: 45436
L43: 38 | M43: Ab. Mario Proaño | N43: Efrain | O43: 5 | P43: 5 | Q43: 5 | R43: 5 | S43: 5 | T43: BP | U43: 45436
L44: 39 | M44: Carlo | N44: Campoverde | O44: 5 | P44: 5 | Q44: 5 | R44: 5 | S44: 5 | T44: BP | U44: 45436
L45: 40 | M45: Bolivar | N45: Efraín | O45: 5 | P45: 5 | Q45: 5 | R45: 5 | S45: 5 | T45: BP | U45: 45436 | V45: Todo excelente
L46: 41 | M46: Carlos torre.s | N46: Efraín luis | O46: 5 | P46: 4 | Q46: 4 | R46: 4 | S46: 4 | T46: BP | U46: 45437
L47: 42 | M47: Carlos torres | N47: luis efrain | O47: 5 | P47: 4 | Q47: 4 | R47: 4 | S47: 3 | T47: BP | U47: 45437
L48: 43 | M48: Xavier Reyes | N48: Efraín Campoverde | O48: 5 | P48: 5 | Q48: 5 | R48: 5 | S48: 5 | T48: BP | U48: 45437
L50: 1 | M50: Eduardo Orces | N50: Milena | O50: 5 | P50: 2 | Q50: 3 | R50: 3 | S50: 4 | T50: 1910 | U50: 45413.602
L51: 2 | M51: Gina Moggia | N51: Milena | O51: 5 | P51: 5 | Q51: 5 | R51: 5 | S51: 5 | T51: 1910 | U51: 45413.643
L52: 3 | M52: Enrique Camposano | N52: Ximena Y Milena | O52: 5 | P52: 5 | Q52: 5 | R52: 5 | S52: 5 | T52: 1910 | U52: 45418.621
L53: 4 | M53: Silvia de Moggia | N53: marcó Yaguachi | O53: 5 | P53: 5 | Q53: 5 | R53: 5 | S53: 5 | T53: 1910 | U53: 45420.586
L54: 5 | M54: Eduardo piedra | N54: milena | O54: 5 | P54: 5 | Q54: 5 | R54: 5 | S54: 5 | T54: 1910 | U54: 45420.649 | V54: muy buen servicio
L55: 6 | M55: monica navarrete | N55: Ximena, Milena ,Marco | O55: 5 | P55: 5 | Q55: 5 | R55: 4 | S55: 5 | T55: 1910 | U55: 45420.654
L56: 7 | M56: monica navarrete | N56: Ximena, Milena ,Marco | O56: 5 | P56: 5 | Q56: 5 | R56: 4 | S56: 5 | T56: 1910 | U56: 45420.654
L57: 8 | M57: Antonio Borbor Jiménez | N57: marcó Yaguachi | O57: 5 | P57: 4 | Q57: 5 | R57: 5 | S57: 5 | T57: 1910 | U57: 45421.652
L58: 9 | M58: Eduardo Orces | N58: Douglas, Rolando, Jennifer | O58: 5 | P58: 5 | Q58: 5 | R58: 5 | S58: 3 | T58: 1910 | U58: 45422.667 | V58: Las reservaciones grupales no deberían ser para varios grupos en el mismo salón porque se ocasiona malestar por mucho ruido
L59: 10 | M59: kira tacury | N59: milena panchana | O59: 5 | P59: 5 | Q59: 5 | R59: 5 | S59: 5 | T59: 1910 | U59: 45424.597
L60: 11 | M60: Eduardo Orces | N60: Andrea | O60: 5 | P60: 5 | Q60: 5 | R60: 3 | S60: 4 | T60: 1910 | U60: 45427.588
L61: 12 | M61: grace de Salguero | N61: Milena | O61: 5 | P61: 5 | Q61: 5 | R61: 5 | S61: 5 | T61: 1910 | U61: 45427.599
L62: 13 | M62: Eduardo Orces | N62: Ximena y Rolando | O62: 5 | P62: 3 | Q62: 5 | R62: 4 | S62: 5 | T62: 1910 | U62: 45433.614 | V62: Estandarizar el tamaño de las tazas de café americano porque a veces utilizan tazas pequeñas de menor volumen
L64: 1 | M64: Alejandro Arosemena Duran | N64: pedro Franco | O64: 5 | P64: 5 | Q64: 4 | R64: 4 | S64: 3 | T64: RC | U64: 45413.571 | V64: tpOca?? rhay q re!pdeñar
L65: 2 | M65: Alejandro Arosemena Duran | N65: pedro Franco | O65: 5 | P65: 5 | Q65: 4 | R65: 4 | S65: 3 | T65: RC | U65: 45413.572 | V65: tpOca?? rhay q re!pdeñar
L66: 3 | M66: Andrés Francisco Parra Guillén | N66: Luis Saltos | O66: 5 | P66: 5 | Q66: 5 | R66: 5 | S66: 5 | T66: RC | U66: 45413.582
L67: 4 | M67: Gil Javier Barragán Mediana | N67: Wilmer Macías | O67: 5 | P67: 5 | Q67: 5 | R67: 5 | S67: 5 | T67: RC | U67: 45413.687
L68: 5 | M68: Hernán Uscocovich Guerrero | N68: pedro Franco | O68: 5 | P68: 5 | Q68: 5 | R68: 5 | S68: 5 | T68: RC | U68: 45413.69
L69: 6 | M69: Walter Mera Ortiz | N69: pedro Franco | O69: 5 | P69: 5 | Q69: 5 | R69: 5 | S69: 5 | T69: RC | U69: 45414.616
L70: 7 | M70: Jorge Augusto Egas Peña | N70: Wilmer Macías | O70: 5 | P70: 5 | Q70: 5 | R70: 4 | S70: 4 | T70: RC | U70: 45414.643
L71: 8 | M71: Johnny Roberto Grunauer Toro | N71: pedro Franco | O71: 5 | P71: 5 | Q71: 5 | R71: 5 | S71: 5 | T71: RC | U71: 45415.633
L72: 9 | M72: Johnny Roberto Grunauer Toro | N72: pedro Franco | O72: 5 | P72: 5 | Q72: 5 | R72: 5 | S72: 5 | T72: RC | U72: 45415.634
L73: 10 | M73: Ana María Andrade Pérez | N73: Wilmer Macías | O73: 5 | P73: 5 | Q73: 5 | R73: 5 | S73: 5 | T73: RC | U73: 45415.643
L74: 11 | M74: intriago cedeño José pastor | N74: Pedro franco | O74: 5 | P74: 5 | Q74: 5 | R74: 5 | S74: 5 | T74: RC | U74: 45415.657
L75: 12 | M75: José Pastor Intriago cedeño | N75: pedro Franco | O75: 5 | P75: 5 | Q75: 5 | R75: 5 | S75: 5 | T75: RC | U75: 45416.656
L76: 13 | M76: Adolfo Iván Salcedo Guerrero | N76: pedro | O76: 5 | P76: 5 | Q76: 3 | R76: 4 | S76: 5 | T76: RC | U76: 45416.657
L77: 14 | M77: Jorge Orellana Yepez | N77: pedro Franco | O77: 5 | P77: 5 | Q77: 4 | R77: 4 | S77: 4 | T77: RC | U77: 45416.658
... L83: 20 | M83: Ricardo Moscoso | N83: Luis Saltos | O83: 5 | P83: 5 | Q83: 5 | R83: 5 | S83: 5 | T83: RC | U83: 45421.585
L84: 21 | M84: jarolll barquet rendon | N84: Pedro franco | O84: 1 | P84: 1 | Q84: 1 | R84: 1 | S84: 1 | T84: RC | U84: 45421.622 | V84: el Plato solomillo con chistorra no estuvo bueno deben revisarlo
L85: 22 | M85: Judith Icaza gustines | N85: pedro Franco | O85: 5 | P85: 5 | Q85: 5 | R85: 5 | S85: 5 | T85: RC | U85: 45421.64
L86: 23 | M86: kleber Coronel López | N86: pedro Franco | O86: 5 | P86: 5 | Q86: 5 | R86: 5 | S86: 5 | T86: RC | U86: 45421.642
L87: 24 | M87: Félix Ernesto Molineros Mera | N87: Wilmer/pedro/Luis | O87: 5 | P87: 5 | Q87: 5 | R87: 5 | S87: 5 | T87: RC | U87: 45421.651
L88: 25 | M88: Yolanda Mercedes Endémica Aguirre | N88: pedro Franco | O88: 5 | P88: 5 | Q88: 5 | R88: 5 | S88: 5 | T88: RC | U88: 45422.56
L89: 26 | M89: proaño García Irlanda gioconda | N89: Pedro franco | O89: 5 | P89: 5 | Q89: 5 | R89: 5 | S89: 5 | T89: RC | U89: 45422.644 | V89: excelentes
L90: 27 | M90: Luis Alberto Montalvo Landin | N90: Wilmer/pedro/Luis | O90: 5 | P90: 5 | Q90: 5 | R90: 5 | S90: 5 | T90: RC | U90: 45422.655 | V90: falla del aire acondicionado.
L91: 28 | M91: Jimmy morales | N91: Luis Saltos | O91: 5 | P91: 5 | Q91: 5 | R91: 5 | S91: 5 | T91: RC | U91: 45423.66 | V91: excelente servicio! muy atento!!!
L92: 29 | M92: Daniel Vicente Rodríguez Perea | N92: Wilmer | O92: 5 | P92: 5 | Q92: 4 | R92: 5 | S92: 5 | T92: RC | U92: 45423.695
L93: 30 | M93: Carlos Andrade Espinoza | N93: pedro Franco | O93: 5 | P93: 5 | Q93: 5 | R93: 5 | S93: 5 | T93: RC | U93: 45424.555
L94: 31 | M94: Martín Iturralde | N94: Andrea Hernández | O94: 5 | P94: 5 | Q94: 5 | R94: 4 | S94: 5 | T94: RC | U94: 45424.603 | V94: Todo bien
L95: 32 | M95: Hidalgo Huerta Francisco | O95: 5 | P95: 4 | Q95: 3 | R95: 3 | S95: 4 | T95: RC | U95: 45424.626
L96: 33 | M96: Hidalgo Huerta Francisco | O96: 5 | P96: 4 | Q96: 3 | R96: 3 | S96: 4 | T96: RC | U96: 45424.627 | V96: los mejillones y el pulpo no estaban frescos y se sintieron y la carne no estuvo tan suave como en otra ocasiones
L97: 34 | M97: Carlos Miranda Freire | N97: Wilmer Macias | O97: 5 | P97: 5 | Q97: 5 | R97: 5 | S97: 5 | T97: RC | U97: 45424.629 | V97: Todo muy bien Don Wilmer el mejor Capitán
L98: 35 | M98: Leslie holbron | N98: Leslie hilbron | O98: 5 | P98: 5 | Q98: 5 | R98: 5 | S98: 5 | T98: RC | U98: 45424.635 | V98: todo perfecto desde que llegamos. la atención y la comida espectacular! Gracias, muchísimas gracias !
L99: 36 | M99: Eduardo orces pareja | N99: Wilmer Macías | O99: 5 | P99: 5 | Q99: 5 | R99: 5 | S99: 5 | T99: RC | U99: 45424.655 | V99: Muy delicioso todo, pero con pena ver que muy pocas familias se sirvieron el bufet. Sugiero que en este tipo de eventos solo preparen bufet, porque los demás platos están disponibles casi siempre. Además si hubiera ayudado una artista más dinámica para el show, ya que eso atrae a los socios. Como los lagarteros que se presentaron en el deck o las artistas del Anexo.
L100: 37 | M100: Víctor Hugo Olvera | N100: Luis Saltos | O100: 5 | P100: 5 | Q100: 5 | R100: 5 | S100: 5 | T100: RC | U100: 45424.675
L101: 38 | M101: Mario Proaño Quevedo | N101: pedro Franco | O101: 5 | P101: 5 | Q101: 5 | R101: 5 | S101: 5 | T101: RC | U101: 45427.547
L102: 39 | M102: Gonzalo quintana Gálvez | N102: pedro Franco | O102: 5 | P102: 5 | Q102: 4 | R102: 4 | S102: 4 | T102: RC | U102: 45427.587
L103: 40 | M103: Alejandro Arosemena Duran | N103: luis | O103: 5 | P103: 5 | Q103: 5 | R103: 5 | S103: 5 | T103: RC | U103: 45427.589
L104: 41 | M104: Jaime Grunauer Cucalon | N104: pedro | O104: 5 | P104: 5 | Q104: 5 | R104: 5 | S104: 5 | T104: RC | U104: 45427.63
L105: 42 | M105: Antonio Andretta Arizaga | N105: Wilmer Macías | O105: 5 | P105: 5 | Q105: 5 | R105: 5 | S105: 5 | T105: RC | U105: 45427.645
L106: 43 | M106: rogger Arosemena Benites | N106: Pedro franco | O106: 5 | P106: 5 | Q106: 3 | R106: 4 | S106: 4 | T106: RC | U106: 45427.648
L107: 44 | M107: Guillermo Abad Montero | N107: Wilmer Macías el no había venido | O107: 5 | P107: 5 | Q107: 4 | R107: 5 | S107: 5 | T107: RC | U107: 45427.661
L108: 45 | M108: Guillermo Abad Montero | N108: Wilmer Macías el no había venido | O108: 5 | P108: 5 | Q108: 4 | R108: 5 | S108: 5 | T108: RC | U108: 45427.665
L109: 46 | M109: Manuel Arturo Suco Cárdenas | N109: pedro Franco | O109: 5 | P109: 5 | Q109: 5 | R109: 5 | S109: 5 | T109: RC | U109: 45428.622
L110: 47 | M110: Henry Grau Morales | N110: Wilmer Macías | O110: 5 | P110: 5 | Q110: 5 | R110: 5 | S110: 5 | T110: RC | U110: 45428.641
L111: 48 | M111: Alejandro Salem Macías | N111: Wilmer Macías | O111: 5 | P111: 5 | Q111: 5 | R111: 5 | S111: 5 | T111: RC | U111: 45429.588
...

Sheet GYE
F3: BP | O3: 1910 | AP3: RC
D4: AMABILIDAD DEL PERSONAL | E4: RAPIDEZ DEL SERVICIO | F4: CALIDAD DE LA COMIDA | G4: VARIEDAD DEL MENU | H4: AMBIENTE ACOGEDOR | I4: AREA | J4: FECHA | M4: AMABILIDAD DEL PERSONAL | N4: RAPIDEZ DEL SERVICIO | O4: CALIDAD DE LA COMIDA | P4: VARIEDAD DEL MENU | Q4: AMBIENTE ACOGEDOR | R4: AREA | S4: FECHA | V4: AMABILIDAD DEL PERSONAL | W4: RAPIDEZ DEL SERVICIO | X4: CALIDAD DE LA COMIDA | Y4: VARIEDAD DEL MENU | Z4: AMBIENTE ACOGEDOR | AA4: AREA | AB4: FECHA | AN4: AMABILIDAD DEL PERSONAL | AO4: RAPIDEZ DEL SERVICIO | AP4: CALIDAD DE LA COMIDA | AQ4: VARIEDAD DEL MENU | AR4: AMBIENTE ACOGEDOR | AS4: AREA | AT4: FECHA
C5: 1 | D5: 5 | E5: 5 | F5: 5 | G5: 5 | H5: 5 | I5: BP | J5: 45415 | L5: 1 | M5: 5 | N5: 2 | O5: 3 | P5: 3 | Q5: 4 | R5: 1910 | S5: 45413.602 | AM5: 1 | AN5: 5 | AO5: 5 | AP5: 4 | AQ5: 4 | AR5: 3 | AS5: RC | AT5: 45413.571
C6: 2 | D6: 5 | E6: 5 | F6: 5 | G6: 5 | H6: 5 | I6: BP | J6: 45415 | L6: 2 | M6: 5 | N6: 5 | O6: 5 | P6: 5 | Q6: 5 | R6: 1910 | S6: 45413.643 | AM6: 2 | AN6: 5 | AO6: 5 | AP6: 4 | AQ6: 4 | AR6: 3 | AS6: RC | AT6: 45413.572
C7: 3 | D7: 5 | E7: 5 | F7: 5 | G7: 5 | H7: 5 | I7: BP | J7: 45415 | L7: 3 | M7: 5 | N7: 5 | O7: 5 | P7: 5 | Q7: 5 | R7: 1910 | S7: 45418.621 | AM7: 3 | AN7: 5 | AO7: 5 | AP7: 5 | AQ7: 5 | AR7: 5 | AS7: RC | AT7: 45413.582
C8: 4 | D8: 5 | E8: 5 | F8: 5 | G8: 5 | H8: 5 | I8: BP | J8: 45415 | L8: 4 | M8: 5 | N8: 5 | O8: 5 | P8: 5 | Q8: 5 | R8: 1910 | S8: 45420.586 | AM8: 4 | AN8: 5 | AO8: 5 | AP8: 5 | AQ8: 5 | AR8: 5 | AS8: RC | AT8: 45413.687
C9: 5 | D9: 5 | E9: 5 | F9: 5 | G9: 5 | H9: 5 | I9: BP | J9: 45415 | L9: 5 | M9: 5 | N9: 5 | O9: 5 | P9: 5 | Q9: 5 | R9: 1910 | S9: 45420.649 | AM9: 5 | AN9: 5 | AO9: 5 | AP9: 5 | AQ9: 5 | AR9: 5 | AS9: RC | AT9: 45413.69
C10: 6 | D10: 5 | E10: 4 | F10: 5 | G10: 4 | H10: 4 | I10: BP | J10: 45416 | L10: 6 | M10: 5 | N10: 5 | O10: 5 | P10: 4 | Q10: 5 | R10: 1910 | S10: 45420.654 | AM10: 6 | AN10: 5 | AO10: 5 | AP10: 5 | AQ10: 5 | AR10: 5 | AS10: RC | AT10: 45414.616
C11: 7 | D11: 5 | E11: 5 | F11: 5 | G11: 5 | H11: 4 | I11: BP | J11: 45416 | L11: 7 | M11: 5 | N11: 5 | O11: 5 | P11: 4 | Q11: 5 | R11: 1910 | S11: 45420.654 | AM11: 7 | AN11: 5 | AO11: 5 | AP11: 5 | AQ11: 4 | AR11: 4 | AS11: RC | AT11: 45414.643
C12: 8 | D12: 5 | E12: 4 | F12: 4 | G12: 3 | H12: 5 | I12: BP | J12: 45416 | L12: 8 | M12: 5 | N12: 4 | O12: 5 | P12: 5 | Q12: 5 | R12: 1910 | S12: 45421.652 | AM12: 8 | AN12: 5 | AO12: 5 | AP12: 5 | AQ12: 5 | AR12: 5 | AS12: RC | AT12: 45415.633
C13: 9 | D13: 5 | E13: 5 | F13: 5 | G13: 5 | H13: 5 | I13: BP | J13: 45416 | L13: 9 | M13: 5 | N13: 5 | O13: 5 | P13: 5 | Q13: 3 | R13: 1910 | S13: 45422.667 | AM13: 9 | AN13: 5 | AO13: 5 | AP13: 5 | AQ13: 5 | AR13: 5 | AS13: RC | AT13: 45415.634
C14: 10 | D14: 5 | E14: 5 | F14: 5 | G14: 5 | H14: 5 | I14: BP | J14: 45417 | L14: 10 | M14: 5 | N14: 5 | O14: 5 | P14: 5 | Q14: 5 | R14: 1910 | S14: 45424.597 | AM14: 10 | AN14: 5 | AO14: 5 | AP14: 5 | AQ14: 5 | AR14: 5 | AS14: RC | AT14: 45415.643
C15: 11 | D15: 5 | E15: 5 | F15: 5 | G15: 5 | H15: 5 | I15: BP | J15: 45417 | L15: 11 | M15: 5 | N15: 5 | O15: 5 | P15: 3 | Q15: 4 | R15: 1910 | S15: 45427.588 | AM15: 11 | AN15: 5 | AO15: 5 | AP15: 5 | AQ15: 5 | AR15: 5 | AS15: RC | AT15: 45415.657
C16: 12 | D16: 5 | E16: 5 | F16: 5 | G16: 5 | H16: 5 | I16: BP | J16: 45417 | L16: 12 | M16: 5 | N16: 5 | O16: 5 | P16: 5 | Q16: 5 | R16: 1910 | S16: 45427.599 | AM16: 12 | AN16: 5 | AO16: 5 | AP16: 5 | AQ16: 5 | AR16: 5 | AS16: RC | AT16: 45416.656
C17: 13 | D17: 5 | E17: 5 | F17: 5 | G17: 5 | H17: 5 | I17: BP | J17: 45417 | L17: 13 | M17: 5 | N17: 3 | O17: 5 | P17: 4 | Q17: 5 | R17: 1910 | S17: 45433.614 | AM17: 13 | AN17: 5 | AO17: 5 | AP17: 3 | AQ17: 4 | AR17: 5 | AS17: RC | AT17: 45416.657
C18: 14 | D18: 5 | E18: 5 | F18: 5 | G18: 5 | H18: 5 | I18: BP | J18: 45417 | L18: 14 | R18: 1910 | AM18: 14 | AN18: 5 | AO18: 5 | AP18: 4 | AQ18: 4 | AR18: 4 | AS18: RC | AT18: 45416.658
C19: 15 | D19: 5 | E19: 5 | F19: 5 | G19: 5 | H19: 5 | I19: BP | J19: 45417 | L19: 15 | R19: 1910 | AM19: 15 | AN19: 5 | AO19: 5 | AP19: 5 | AQ19: 5 | AR19: 5 | AS19: RC | AT19: 45420.572
C20: 16 | D20: 5 | E20: 5 | F20: 5 | G20: 3 | H20: 5 | I20: BP | J20: 45417 | L20: 16 | R20: 1910 | AM20: 16 | AN20: 5 | AO20: 5 | AP20: 5 | AQ20: 5 | AR20: 5 | AS20: RC | AT20: 45420.607
C21: 17 | D21: 5 | E21: 5 | F21: 4 | G21: 5 | H21: 5 | I21: BP | J21: 45417 | L21: 17 | R21: 1910 | AM21: 17 | AN21: 5 | AO21: 5 | AP21: 5 | AQ21: 5 | AR21: 5 | AS21: RC | AT21: 45420.639
C22: 18 | D22: 5 | E22: 5 | F22: 5 | G22: 5 | H22: 5 | I22: BP | J22: 45419 | L22: 18 | R22: 1910 | AM22: 18 | AN22: 5 | AO22: 5 | AP22: 5 | AQ22: 5 | AR22: 5 | AS22: RC | AT22: 45420.659
C23: 19 | D23: 1 | E23: 1 | F23: 1 | G23: 1 | H23: 1 | I23: BP | J23: 45419 | L23: 19 | R23: 1910 | AM23: 19 | AN23: 5 | AO23: 5 | AP23: 5 | AQ23: 5 | AR23: 5 | AS23: RC | AT23: 45421.585
C24: 20 | D24: 5 | E24: 5 | F24: 5 | G24: 5 | H24: 5 | I24: BP | J24: 45420 | L24: 20 | R24: 1910 | AM24: 20 | AN24: 5 | AO24: 5 | AP24: 5 | AQ24: 5 | AR24: 5 | AS24: RC | AT24: 45421.585
C25: 21 | D25: 5 | E25: 5 | F25: 5 | G25: 5 | H25: 5 | I25: BP | J25: 45420 | L25: 21 | R25: 1910 | AM25: 21 | AN25: 1 | AO25: 1 | AP25: 1 | AQ25: 1 | AR25: 1 | AS25: RC | AT25: 45421.622
C26: 22 | D26: 5 | E26: 4 | F26: 5 | G26: 4 | H26: 5 | I26: BP | J26: 45428 | L26: 22 | R26: 1910 | AM26: 22 | AN26: 5 | AO26: 5 | AP26: 5 | AQ26: 5 | AR26: 5 | AS26: RC | AT26: 45421.64
C27: 23 | D27: 5 | E27: 5 | F27: 5 | G27: 5 | H27: 5 | I27: BP | J27: 45428 | L27: 23 | R27: 1910 | AM27: 23 | AN27: 5 | AO27: 5 | AP27: 5 | AQ27: 5 | AR27: 5 | AS27: RC | AT27: 45421.642
C28: 24 | D28: 5 | E28: 5 | F28: 5 | G28: 5 | H28: 5 | I28: BP | J28: 45428 | L28: 24 | R28: 1910 | AM28: 24 | AN28: 5 | AO28: 5 | AP28: 5 | AQ28: 5 | AR28: 5 | AS28: RC | AT28: 45421.651
C29: 25 | D29: 5 | E29: 4 | F29: 4 | G29: 4 | H29: 4 | I29: BP | J29: 45428 | L29: 25 | R29: 1910 | AM29: 25 | AN29: 5 | AO29: 5 | AP29: 5 | AQ29: 5 | AR29: 5 | AS29: RC | AT29: 45422.56
... C47: 43 | D47: 5 | E47: 5 | F47: 5 | G47: 5 | H47: 5 | I47: BP | J47: 45437 | L47: 43 | R47: 1910 | AM47: 43 | AN47: 5 | AO47: 5 | AP47: 3 | AQ47: 4 | AR47: 4 | AS47: RC | AT47: 45427.648
C48: 44 | I48: BP | L48: 44 | R48: 1910 | AM48: 44 | AN48: 5 | AO48: 5 | AP48: 4 | AQ48: 5 | AR48: 5 | AS48: RC | AT48: 45427.661
C49: 45 | I49: BP | L49: 45 | R49: 1910 | AM49: 45 | AN49: 5 | AO49: 5 | AP49: 4 | AQ49: 5 | AR49: 5 | AS49: RC | AT49: 45427.665
C50: 46 | I50: BP | L50: 46 | R50: 1910 | AM50: 46 | AN50: 5 | AO50: 5 | AP50: 5 | AQ50: 5 | AR50: 5 | AS50: RC | AT50: 45428.622
C51: 47 | I51: BP | L51: 47 | R51: 1910 | AM51: 47 | AN51: 5 | AO51: 5 | AP51: 5 | AQ51: 5 | AR51: 5 | AS51: RC | AT51: 45428.641
C52: 48 | I52: BP | L52: 48 | R52: 1910 | AM52: 48 | AN52: 5 | AO52: 5 | AP52: 5 | AQ52: 5 | AR52: 5 | AS52: RC | AT52: 45429.588
C53: 49 | I53: BP | L53: 49 | R53: 1910 | AM53: 49 | AN53: 5 | AO53: 5 | AP53: 5 | AQ53: 5 | AR53: 5 | AS53: RC | AT53: 45429.608
C54: 50 | I54: BP | L54: 50 | R54: 1910 | AM54: 50 | AN54: 5 | AO54: 5 | AP54: 5 | AQ54: 5 | AR54: 5 | AS54: RC | AT54: 45429.667
C55: 51 | I55: BP | L55: 51 | R55: 1910 | AM55: 51 | AN55: 5 | AO55: 5 | AP55: 5 | AQ55: 5 | AR55: 5 | AS55: RC | AT55: 45429.667
C56: 52 | I56: BP | L56: 52 | R56: 1910 | AM56: 52 | AN56: 5 | AO56: 5 | AP56: 5 | AQ56: 5 | AR56: 5 | AS56: RC | AT56: 45429.668
C57: 53 | I57: BP | L57: 53 | R57: 1910 | AM57: 53 | AN57: 5 | AO57: 5 | AP57: 5 | AQ57: 5 | AR57: 5 | AS57: RC | AT57: 45430.621
C58: 54 | I58: BP | L58: 54 | R58: 1910 | AM58: 54 | AN58: 5 | AO58: 5 | AP58: 5 | AQ58: 5 | AR58: 5 | AS58: RC | AT58: 45430.709
C59: 55 | I59: BP | L59: 55 | R59: 1910 | AM59: 55 | AN59: 5 | AO59: 5 | AP59: 5 | AQ59: 5 | AR59: 5 | AS59: RC | AT59: 45430.71
... C77: 73 | I77: BP | L77: 73 | R77: 1910 | AM77: 73 | AN77: 5 | AO77: 5 | AP77: 5 | AQ77: 5 | AR77: 5 | AS77: RC | AT77: 45436.607
C78: 74 | I78: BP | AM78: 74 | AN78: 5 | AO78: 5 | AP78: 5 | AQ78: 5 | AR78: 5 | AS78: RC | AT78: 45436.624
C79: 75 | I79: BP | AM79: 75 | AN79: 5 | AO79: 5 | AP79: 5 | AQ79: 5 | AR79: 5 | AS79: RC | AT79: 45437.605
C80: 76 | I80: BP | AM80: 76 | AN80: 5 | AO80: 5 | AP80: 5 | AQ80: 5 | AR80: 5 | AS80: RC | AT80: 45437.625
C81: 77 | I81: BP | AM81: 77 | AN81: 5 | AO81: 5 | AP81: 5 | AQ81: 5 | AR81: 5 | AS81: RC | AT81: 45438.619
C82: 78 | I82: BP | AM82: 78 | AN82: 5 | AO82: 5 | AP82: 5 | AQ82: 5 | AR82: 5 | AS82: RC | AT82: 45438.62
C83: 79 | I83: BP | AM83: 79 | AN83: 5 | AO83: 5 | AP83: 5 | AQ83: 5 | AR83: 5 | AS83: RC | AT83: 45438.622
C84: 80 | I84: BP | AM84: 80 | AN84: 5 | AO84: 5 | AP84: 5 | AQ84: 5 | AR84: 5 | AS84: RC | AT84: 45438.645
C85: 81 | I85: BP | AM85: 81 | AN85: 5 | AO85: 5 | AP85: 5 | AQ85: 5 | AR85: 5 | AS85: RC | AT85: 45438.656
C86: 82 | I86: BP | AM86: 82 | AN86: 5 | AO86: 5 | AP86: 5 | AQ86: 5 | AR86: 5 | AS86: RC | AT86: 45438.67
C87: 83 | I87: BP | AM87: 83 | AN87: 5 | AO87: 5 | AP87: 4 | AQ87: 4 | AR87: 5 | AS87: RC | AT87: 45441.622
C88: 84 | I88: BP | AM88: 84 | AN88: 5 | AO88: 5 | AP88: 5 | AQ88: 5 | AR88: 5 | AS88: RC | AT88: 45441.625
C89: 85 | I89: BP | AM89: 85 | AN89: 5 | AO89: 5 | AP89: 5 | AQ89: 3 | AR89: 5 | AS89: RC | AT89: 45441.635
... C99: 95 | I99: BP | AM99: 95 | AN99: 5 | AO99: 5 | AP99: 5 | AQ99: 3 | AR99: 3 | AS99: RC | AT99: 45443.615
AM100: 96 | AN100: 5 | AO100: 4 | AP100: 5 | AQ100: 4 | AR100: 3 | AS100: RC | AT100: 45443.637
AM101: 97 | AN101: 4 | AO101: 4 | AP101: 4 | AQ101: 3 | AR101: 4 | AS101: RC | AT101: 45443.657
D744: BC/BP | M744: 1910 | V744: TT | AE744: RC | AN744: RC
D745: AMABILIDAD DEL PERSONAL | E745: RAPIDEZ DEL SERVICIO | F745: CALIDAD DE LA COMIDA | G745: VARIEDAD DEL MENU | H745: AMBIENTE ACOGEDOR | M745: AMABILIDAD DEL PERSONAL | N745: RAPIDEZ DEL SERVICIO | O745: CALIDAD DE LA COMIDA | P745: VARIEDAD DEL MENU | Q745: AMBIENTE ACOGEDOR | V745: AMABILIDAD DEL PERSONAL | W745: RAPIDEZ DEL SERVICIO | X745: CALIDAD DE LA COMIDA | Y745: VARIEDAD DEL MENU | Z745: AMBIENTE ACOGEDOR | AE745: AMABILIDAD DEL PERSONAL | AF745: RAPIDEZ DEL SERVICIO | AG745: CALIDAD DE LA COMIDA | AH745: VARIEDAD DEL MENU | AI745: AMBIENTE ACOGEDOR | AN745: AMABILIDAD DEL PERSONAL | AO745: RAPIDEZ DEL SERVICIO | AP745: CALIDAD DE LA COMIDA | AQ745: VARIEDAD DEL MENU | AR745: AMBIENTE ACOGEDOR | AU745: AMABILIDAD DEL PERSONAL | AV745: RAPIDEZ DEL SERVICIO | AW745: CALIDAD DE LA COMIDA | AX745: VARIEDAD DEL MENU | AY745: AMBIENTE ACOGEDOR
D746: =SUM(D5:D740) -> 211 | E746: =SUM(E5:E740) -> 204 | F746: =SUM(F5:F740) -> 205 | G746: =SUM(G5:G740) -> 201 | H746: =SUM(H5:H740) -> 204 | M746: =SUM(M5:M740) -> 65 | N746: =SUM(N5:N740) -> 59 | O746: =SUM(O5:O740) -> 63 | P746: =SUM(P5:P740) -> 58 | Q746: =SUM(Q5:Q740) -> 61 | V746: =SUM(V5:V740) -> 0 | W746: =SUM(W5:W740) -> 0 | X746: =SUM(X5:X740) -> 0 | Y746: =SUM(Y5:Y740) -> 0 | Z746: =SUM(Z5:Z740) -> 0 | AE746: =SUM(AE5:AE740) -> 0 | AF746: =SUM(AF5:AF740) -> 0 | AG746: =SUM(AG5:AG740) -> 0 | AH746: =SUM(AH5:AH740) -> 0 | AI746: =SUM(AI5:AI740) -> 0 | AN746: =SUM(AN5:AN740) -> 480 | AO746: =SUM(AO5:AO740) -> 475 | AP746: =SUM(AP5:AP740) -> 457 | AQ746: =SUM(AQ5:AQ740) -> 445 | AR746: =SUM(AR5:AR740) -> 462
D748: =AVERAGE(D5:D740) -> 4.9069767 | E748: =AVERAGE(E5:E740) -> 4.744186 | F748: =AVERAGE(F5:F740) -> 4.7674419 | G748: =AVERAGE(G5:G740) -> 4.6744186 | H748: =AVERAGE(H5:H740) -> 4.744186 | M748: =AVERAGE(M5:M740) -> 5 | N748: =AVERAGE(N5:N740) -> 4.5384615 | O748: =AVERAGE(O5:O740) -> 4.8461538 | P748: =AVERAGE(P5:P740) -> 4.4615385 | Q748: =AVERAGE(Q5:Q740) -> 4.6923077 | V748: =AVERAGE(V5:V740) -> #DIV/0! | W748: =AVERAGE(W5:W740) -> #DIV/0! | X748: =AVERAGE(X5:X740) -> #DIV/0! | Y748: =AVERAGE(Y5:Y740) -> #DIV/0! | Z748: =AVERAGE(Z5:Z740) -> #DIV/0! | AE748: =AVERAGE(AE5:AE740) -> #DIV/0! | AF748: =AVERAGE(AF5:AF740) -> #DIV/0! | AG748: =AVERAGE(AG5:AG740) -> #DIV/0! | AH748: =AVERAGE(AH5:AH740) -> #DIV/0! | AI748: =AVERAGE(AI5:AI740) -> #DIV/0! | AN748: =AVERAGE(AN5:AN740) -> 4.9484536 | AO748: =AVERAGE(AO5:AO740) -> 4.8969072 | AP748: =AVERAGE(AP5:AP740) -> 4.7113402 | AQ748: =AVERAGE(AQ5:AQ740) -> 4.5876289 | AR748: =AVERAGE(AR5:AR740) -> 4.7628866
D749: =D748/5 -> 0.98139535 | E749: =E748/5 -> 0.94883721 | F749: =F748/5 -> 0.95348837 | G749: =G748/5 -> 0.93488372 | H749: =H748/5 -> 0.94883721 | M749: =M748/5 -> 1 | N749: =N748/5 -> 0.90769231 | O749: =O748/5 -> 0.96923077 | P749: =P748/5 -> 0.89230769 | Q749: =Q748/5 -> 0.93846154 | V749: =V748/5 -> #DIV/0! | W749: =W748/5 -> #DIV/0! | X749: =X748/5 -> #DIV/0! | Y749: =Y748/5 -> #DIV/0! | Z749: =Z748/5 -> #DIV/0! | AE749: =AE748/5 -> #DIV/0! | AF749: =AF748/5 -> #DIV/0! | AG749: =AG748/5 -> #DIV/0! | AH749: =AH748/5 -> #DIV/0! | AI749: =AI748/5 -> #DIV/0! | AN749: =AN748/5 -> 0.98969072 | AO749: =AO748/5 -> 0.97938144 | AP749: =AP748/5 -> 0.94226804 | AQ749: =AQ748/5 -> 0.91752577 | AR749: =AR748/5 -> 0.95257732
D750: =SUMIF($D$5:$D$744,5) -> 210 | E750: =SUMIF($E$5:$E$744,5) -> 175 | F750: =SUMIF($F$5:$F$744,5) -> 180 | G750: =SUMIF($G$5:$G$744,5) -> 170 | H750: =SUMIF($H$5:$H$744,5) -> 180 | M750: =SUMIF($M$5:$M$740,5) -> 65 | N750: =SUMIF($N$5:$N$740,5) -> 50 | O750: =SUMIF($O$5:$O$740,5) -> 60 | P750: =SUMIF($P$5:$P$740,5) -> 40 | Q750: =SUMIF($Q$5:$Q$740,5) -> 50 | V750: =SUMIF($V$5:$V$740,5) -> 0 | W750: =SUMIF($W$5:$W$740,5) -> 0 | X750: =SUMIF($X$5:$X$740,5) -> 0 | Y750: =SUMIF($Y$5:$Y$740,5) -> 0 | Z750: =SUMIF($Z$5:$Z$740,5) -> 0 | AE750: =SUMIF($AE$5:$AE$740,5) -> 0 | AF750: =SUMIF($AF$5:$AF$740,5) -> 0 | AG750: =SUMIF($AG$5:$AG$740,5) -> 0 | AH750: =SUMIF($AH$5:$AH$740,5) -> 0 | AI750: =SUMIF($AI$5:$AI$740,5) -> 0 | AN750: =SUMIF($AN$5:$AN$740,5) -> 475 | AO750: =SUMIF($AO$5:$AO$740,5) -> 450 | AP750: =SUMIF($AP$5:$AP$740,5) -> 395 | AQ750: =SUMIF($AQ$5:$AQ$740,5) -> 365 | AR750: =SUMIF($AR$5:$AR$740,5) -> 405 | AU750: =D750+M750+V750+AE750+AN750 -> 750 | AV750: =E750+N750+W750+AF750+AO750 -> 675 | AW750: =F750+O750+X750+AG750+AP750 -> 635 | AX750: =G750+P750+Y750+AH750+AQ750 -> 575 | AY750: =H750+Q750+Z750+AI750+AR750 -> 635
D751: =SUMIF($D$5:$D$744,4) -> 0 | E751: =SUMIF($E$5:$E$744,4) -> 28 | F751: =SUMIF($F$5:$F$744,4) -> 24 | G751: =SUMIF($G$5:$G$744,4) -> 24 | H751: =SUMIF($H$5:$H$744,4) -> 20 | M751: =SUMIF($M$5:$M$740,4) -> 0 | N751: =SUMIF($N$5:$N$740,4) -> 4 | O751: =SUMIF($O$5:$O$740,4) -> 0 | P751: =SUMIF($P$5:$P$740,4) -> 12 | Q751: =SUMIF($Q$5:$Q$740,4) -> 8 | V751: =SUMIF($V$5:$V$740,4) -> 0 | W751: =SUMIF($W$5:$W$740,4) -> 0 | X751: =SUMIF($X$5:$X$740,4) -> 0 | Y751: =SUMIF($Y$5:$Y$740,4) -> 0 | Z751: =SUMIF($Z$5:$Z$740,4) -> 0 | AE751: =SUMIF($AE$5:$AE$740,4) -> 0 | AF751: =SUMIF($AF$5:$AF$740,4) -> 0 | AG751: =SUMIF($AG$5:$AG$740,4) -> 0 | AH751: =SUMIF($AH$5:$AH$740,4) -> 0 | AI751: =SUMIF($AI$5:$AI$740,4) -> 0 | AN751: =SUMIF($AN$5:$AN$740,4) -> 4 | AO751: =SUMIF($AO$5:$AO$740,4) -> 24 | AP751: =SUMIF($AP$5:$AP$740,4) -> 40 | AQ751: =SUMIF($AQ$5:$AQ$740,4) -> 52 | AR751: =SUMIF($AR$5:$AR$740,4) -> 44 | AU751: =D751+M751+V751+AE751+AN751 -> 4 | AV751: =E751+N751+W751+AF751+AO751 -> 56 | AW751: =F751+O751+X751+AG751+AP751 -> 64 | AX751: =G751+P751+Y751+AH751+AQ751 -> 88 | AY751: =H751+Q751+Z751+AI751+AR751 -> 72
D752: =SUMIF($D$5:$D$744,3) -> 0 | E752: =SUMIF($E$5:$E$744,3) -> 0 | F752: =SUMIF($F$5:$F$744,3) -> 0 | G752: =SUMIF($G$5:$G$744,3) -> 6 | H752: =SUMIF($H$5:$H$744,3) -> 3 | M752: =SUMIF($M$5:$M$740,3) -> 0 | N752: =SUMIF($N$5:$N$740,3) -> 3 | O752: =SUMIF($O$5:$O$740,3) -> 3 | P752: =SUMIF($P$5:$P$740,3) -> 6 | Q752: =SUMIF($Q$5:$Q$740,3) -> 3 | V752: =SUMIF($V$5:$V$740,3) -> 0 | W752: =SUMIF($W$5:$W$740,3) -> 0 | X752: =SUMIF($X$5:$X$740,3) -> 0 | Y752: =SUMIF($Y$5:$Y$740,3) -> 0 | Z752: =SUMIF($Z$5:$Z$740,3) -> 0 | AE752: =SUMIF($AE$5:$AE$740,3) -> 0 | AF752: =SUMIF($AF$5:$AF$740,3) -> 0 | AG752: =SUMIF($AG$5:$AG$740,3) -> 0 | AH752: =SUMIF($AH$5:$AH$740,3) -> 0 | AI752: =SUMIF($AI$5:$AI$740,3) -> 0 | AN752: =SUMIF($AN$5:$AN$740,3) -> 0 | AO752: =SUMIF($AO$5:$AO$740,3) -> 0 | AP752: =SUMIF($AP$5:$AP$740,3) -> 21 | AQ752: =SUMIF($AQ$5:$AQ$740,3) -> 21 | AR752: =SUMIF($AR$5:$AR$740,3) -> 12 | AU752: =D752+M752+V752+AE752+AN752 -> 0 | AV752: =E752+N752+W752+AF752+AO752 -> 3 | AW752: =F752+O752+X752+AG752+AP752 -> 24 | AX752: =G752+P752+Y752+AH752+AQ752 -> 33 | AY752: =H752+Q752+Z752+AI752+AR752 -> 18
D753: =SUMIF($D$5:$D$744,2) -> 0 | E753: =SUMIF($E$5:$E$744,2) -> 0 | F753: =SUMIF($F$5:$F$744,2) -> 0 | G753: =SUMIF($G$5:$G$744,2) -> 0 | H753: =SUMIF($H$5:$H$744,2) -> 0 | M753: =SUMIF($M$5:$M$740,2) -> 0 | N753: =SUMIF($N$5:$N$740,2) -> 2 | O753: =SUMIF($O$5:$O$740,2) -> 0 | P753: =SUMIF($P$5:$P$740,2) -> 0 | Q753: =SUMIF($Q$5:$Q$740,2) -> 0 | V753: =SUMIF($V$5:$V$740,2) -> 0 | W753: =SUMIF($W$5:$W$740,2) -> 0 | X753: =SUMIF($X$5:$X$740,2) -> 0 | Y753: =SUMIF($Y$5:$Y$740,2) -> 0 | Z753: =SUMIF($Z$5:$Z$740,2) -> 0 | AE753: =SUMIF($AE$5:$AE$740,2) -> 0 | AF753: =SUMIF($AF$5:$AF$740,2) -> 0 | AG753: =SUMIF($AG$5:$AG$740,2) -> 0 | AH753: =SUMIF($AH$5:$AH$740,2) -> 0 | AI753: =SUMIF($AI$5:$AI$740,2) -> 0 | AN753: =SUMIF($AN$5:$AN$740,2) -> 0 | AO753: =SUMIF($AO$5:$AO$740,2) -> 0 | AP753: =SUMIF($AP$5:$AP$740,2) -> 0 | AQ753: =SUMIF($AQ$5:$AQ$740,2) -> 6 | AR753: =SUMIF($AR$5:$AR$740,2) -> 0 | AU753: =D753+M753+V753+AE753+AN753 -> 0 | AV753: =E753+N753+W753+AF753+AO753 -> 2 | AW753: =F753+O753+X753+AG753+AP753 -> 0 | AX753: =G753+P753+Y753+AH753+AQ753 -> 6 | AY753: =H753+Q753+Z753+AI753+AR753 -> 0
D754: =SUMIF($D$5:$D$744,1) -> 1 | E754: =SUMIF($E$5:$E$744,1) -> 1 | F754: =SUMIF($F$5:$F$744,1) -> 1 | G754: =SUMIF($G$5:$G$744,1) -> 1 | H754: =SUMIF($H$5:$H$744,1) -> 1 | M754: =SUMIF($M$5:$M$740,1) -> 0 | N754: =SUMIF($N$5:$N$740,1) -> 0 | O754: =SUMIF($O$5:$O$740,1) -> 0 | P754: =SUMIF($P$5:$P$740,1) -> 0 | Q754: =SUMIF($Q$5:$Q$740,1) -> 0 | V754: =SUMIF($V$5:$V$740,1) -> 0 | W754: =SUMIF($W$5:$W$740,1) -> 0 | X754: =SUMIF($X$5:$X$740,1) -> 0 | Y754: =SUMIF($Y$5:$Y$740,1) -> 0 | Z754: =SUMIF($Z$5:$Z$740,1) -> 0 | AE754: =SUMIF($AE$5:$AE$740,1) -> 0 | AF754: =SUMIF($AF$5:$AF$740,1) -> 0 | AG754: =SUMIF($AG$5:$AG$740,1) -> 0 | AH754: =SUMIF($AH$5:$AH$740,1) -> 0 | AI754: =SUMIF($AI$5:$AI$740,1) -> 0 | AN754: =SUMIF($AN$5:$AN$740,1) -> 1 | AO754: =SUMIF($AO$5:$AO$740,1) -> 1 | AP754: =SUMIF($AP$5:$AP$740,1) -> 1 | AQ754: =SUMIF($AQ$5:$AQ$740,1) -> 1 | AR754: =SUMIF($AR$5:$AR$740,1) -> 1 | AU754: =D754+M754+V754+AE754+AN754 -> 2 | AV754: =E754+N754+W754+AF754+AO754 -> 2 | AW754: =F754+O754+X754+AG754+AP754 -> 2 | AX754: =G754+P754+Y754+AH754+AQ754 -> 2 | AY754: =H754+Q754+Z754+AI754+AR754 -> 2
D756: =D750/5 -> 42 | E756: =E750/5 -> 35 | F756: =F750/5 -> 36 | G756: =G750/5 -> 34 | H756: =H750/5 -> 36 | M756: =M750/5 -> 13 | N756: =N750/5 -> 10 | O756: =O750/5 -> 12 | P756: =P750/5 -> 8 | Q756: =Q750/5 -> 10 | V756: =V750/5 -> 0 | W756: =W750/5 -> 0 | X756: =X750/5 -> 0 | Y756: =Y750/5 -> 0 | Z756: =Z750/5 -> 0 | AE756: =AE750/5 -> 0 | AF756: =AF750/5 -> 0 | AG756: =AG750/5 -> 0 | AH756: =AH750/5 -> 0 | AI756: =AI750/5 -> 0 | AN756: =AN750/5 -> 95 | AO756: =AO750/5 -> 90 | AP756: =AP750/5 -> 79 | AQ756: =AQ750/5 -> 73 | AR756: =AR750/5 -> 81 | AT756: Excelente | AU756: =AU750/5 -> 150 | AV756: =AV750/5 -> 135 | AW756: =AW750/5 -> 127 | AX756: =AX750/5 -> 115 | AY756: =AY750/5 -> 127
D757: =D751/4 -> 0 | E757: =E751/4 -> 7 | F757: =F751/4 -> 6 | G757: =G751/4 -> 6 | H757: =H751/4 -> 5 | M757: =M751/4 -> 0 | N757: =N751/4 -> 1 | O757: =O751/4 -> 0 | P757: =P751/4 -> 3 | Q757: =Q751/4 -> 2 | V757: =V751/4 -> 0 | W757: =W751/4 -> 0 | X757: =X751/4 -> 0 | Y757: =Y751/4 -> 0 | Z757: =Z751/4 -> 0 | AE757: =AE751/4 -> 0 | AF757: =AF751/4 -> 0 | AG757: =AG751/4 -> 0 | AH757: =AH751/4 -> 0 | AI757: =AI751/4 -> 0 | AN757: =AN751/4 -> 1 | AO757: =AO751/4 -> 6 | AP757: =AP751/4 -> 10 | AQ757: =AQ751/4 -> 13 | AR757: =AR751/4 -> 11 | AT757: Muy Bueno | AU757: =AU751/4 -> 1 | AV757: =AV751/4 -> 14 | AW757: =AW751/4 -> 16 | AX757: =AX751/4 -> 22 | AY757: =AY751/4 -> 18
D758: =D752/3 -> 0 | E758: =E752/3 -> 0 | F758: =F752/3 -> 0 | G758: =G752/3 -> 2 | H758: =H752/3 -> 1 | M758: =M752/3 -> 0 | N758: =N752/3 -> 1 | O758: =O752/3 -> 1 | P758: =P752/3 -> 2 | Q758: =Q752/3 -> 1 | V758: =V752/3 -> 0 | W758: =W752/3 -> 0 | X758: =X752/3 -> 0 | Y758: =Y752/3 -> 0 | Z758: =Z752/3 -> 0 | AE758: =AE752/3 -> 0 | AF758: =AF752/4 -> 0 | AG758: =AG752/4 -> 0 | AH758: =AH752/4 -> 0 | AI758: =AI752/4 -> 0 | AN758: =AN752/3 -> 0 | AO758: =AO752/3 -> 0 | AP758: =AP752/3 -> 7 | AQ758: =AQ752/3 -> 7 | AR758: =AR752/3 -> 4 | AT758: Neutro | AU758: =AU752/3 -> 0 | AV758: =AV752/3 -> 1 | AW758: =AW752/3 -> 8 | AX758: =AX752/3 -> 11 | AY758: =AY752/3 -> 6
D759: =D753/2 -> 0 | E759: =E753/2 -> 0 | F759: =F753/2 -> 0 | G759: =G753/2 -> 0 | H759: =H753/2 -> 0 | M759: =M753/2 -> 0 | N759: =N753/2 -> 1 | O759: =O753/2 -> 0 | P759: =P753/2 -> 0 | Q759: =Q753/2 -> 0 | V759: =V753/2 -> 0 | W759: =W753/2 -> 0 | X759: =X753/2 -> 0 | Y759: =Y753/2 -> 0 | Z759: =Z753/2 -> 0 | AE759: =AE753/2 -> 0 | AF759: =AF753/4 -> 0 | AG759: =AG753/2 -> 0 | AH759: =AH753/4 -> 0 | AI759: =AI753/4 -> 0 | AN759: =AN753/2 -> 0 | AO759: =AO753/2 -> 0 | AP759: =AP753/2 -> 0 | AQ759: =AQ753/2 -> 3 | AR759: =AR753/2 -> 0 | AT759: Regular | AU759: =AU753/2 -> 0 | AV759: =AV753/2 -> 1 | AW759: =AW753/2 -> 0 | AX759: =AX753/2 -> 3 | AY759: =AY753/2 -> 0
D760: =D754/1 -> 1 | E760: =E754/1 -> 1 | F760: =F754/1 -> 1 | G760: =G754/1 -> 1 | H760: =H754/1 -> 1 | M760: =M754/1 -> 0 | N760: =N754/1 -> 0 | O760: =O754/1 -> 0 | P760: =P754/1 -> 0 | Q760: =Q754/1 -> 0 | V760: =V754/1 -> 0 | W760: =W754/1 -> 0 | X760: =X754/1 -> 0 | Y760: =Y754/1 -> 0 | Z760: =Z754/1 -> 0 | AE760: =AE754/1 -> 0 | AF760: =AF754/4 -> 0 | AG760: =AG754/1 -> 0 | AH760: =AH754/4 -> 0 | AI760: =AI754/4 -> 0 | AN760: =AN754/1 -> 1 | AO760: =AO754/1 -> 1 | AP760: =AP754/1 -> 1 | AQ760: =AQ754/1 -> 1 | AR760: =AR754/1 -> 1 | AT760: Malo | AU760: =AU754/1 -> 2 | AV760: =AV754/1 -> 2 | AW760: =AW754/1 -> 2 | AX760: =AX754/1 -> 2 | AY760: =AY754/1 -> 2
D761: =SUM(D756:D760) -> 43 | E761: =SUM(E756:E760) -> 43 | F761: =SUM(F756:F760) -> 43 | G761: =SUM(G756:G760) -> 43 | H761: =SUM(H756:H760) -> 43 | M761: =SUM(M756:M760) -> 13 | N761: =SUM(N756:N760) -> 13 | O761: =SUM(O756:O760) -> 13 | P761: =SUM(P756:P760) -> 13 | Q761: =SUM(Q756:Q760) -> 13 | V761: =SUM(V756:V760) -> 0 | W761: =SUM(W756:W760) -> 0 | X761: =SUM(X756:X760) -> 0 | Y761: =SUM(Y756:Y760) -> 0 | Z761: =SUM(Z756:Z760) -> 0 | AE761: =SUM(AE756:AE760) -> 0 | AF761: =SUM(AF756:AF760) -> 0 | AG761: =SUM(AG756:AG760) -> 0 | AH761: =SUM(AH756:AH760) -> 0 | AI761: =SUM(AI756:AI760) -> 0 | AN761: =SUM(AN756:AN760) -> 97 | AO761: =SUM(AO756:AO760) -> 97 | AP761: =SUM(AP756:AP760) -> 97 | AQ761: =SUM(AQ756:AQ760) -> 97 | AR761: =SUM(AR756:AR760) -> 97 | AU761: =SUM(AU756:AU760) -> 153 | AV761: =SUM(AV756:AV760) -> 153 | AW761: =SUM(AW756:AW760) -> 153 | AX761: =SUM(AX756:AX760) -> 153 | AY761: =SUM(AY756:AY760) -> 153
AT764: Excelente | AU764: =AU756/$AU$761 -> 0.98039216 | AV764: =AV756/$AV$761 -> 0.88235294 | AW764: =AW756/$AW$761 -> 0.83006536 | AX764: =AX756/$AX$761 -> 0.75163399 | AY764: =AY756/$AY$761 -> 0.83006536
AT765: Muy Bueno | AU765: =AU757/$AU$761 -> 0.0065359477 | AV765: =AV757/$AV$761 -> 0.091503268 | AW765: =AW757/$AW$761 -> 0.10457516 | AX765: =AX757/$AX$761 -> 0.14379085 | AY765: =AY757/$AY$761 -> 0.11764706
AT766: Neutro | AU766: =AU758/$AU$761 -> 0 | AV766: =AV758/$AV$761 -> 0.0065359477 | AW766: =AW758/$AW$761 -> 0.052287582 | AX766: =AX758/$AX$761 -> 0.071895425 | AY766: =AY758/$AY$761 -> 0.039215686
AT767: Regular | AU767: =AU759/$AU$761 -> 0 | AV767: =AV759/$AV$761 -> 0.0065359477 | AW767: =AW759/$AW$761 -> 0 | AX767: =AX759/$AX$761 -> 0.019607843 | AY767: =AY759/$AY$761 -> 0
AT768: Malo | AU768: =AU760/$AU$761 -> 0.013071895 | AV768: =AV760/$AV$761 -> 0.013071895 | AW768: =AW760/$AW$761 -> 0.013071895 | AX768: =AX760/$AX$761 -> 0.013071895 | AY768: =AY760/$AY$761 -> 0.013071895
AU769: =SUM(AU764:AU768) -> 1 | AV769: =SUM(AV764:AV768) -> 1 | AW769: =SUM(AW764:AW768) -> 1 | AX769: =SUM(AX764:AX768) -> 1 | AY769: =SUM(AY764:AY768) -> 1

Sheet INDICADORES
B1: SISTEMA DE MANEJO DE INDICADORES
B3: Área/Departamento: GESTIÓN DE CALIDAD | E3: Fecha período analizado: | F3: MAYO 2024
B4: Frecuencia de Impresión : MENSUAL | E4: Fecha de elaboración: | F4: 45447
B7: INDICADORES | C7: Unidad | D7: Mínimo | E7: Objetivo | F7: PROMEDIO
G9: ..
B11: Satisfacción del socio en cuanto a la Amabilidad personal en BC/BP | C11: # | D11: 0.9 | E11: 1 | F11: =GYE!D749 -> 0.98139535
B12: Satisfacción del Socio en cuanto a la Rapidez del servicio BC/BP | C12: # | D12: 0.9 | E12: 1 | F12: =GYE!E749 -> 0.94883721
B13: Satisfacción del Socio en cuanto a la Calidad de la Comida BC/BP | C13: # | D13: 0.9 | E13: 1 | F13: =GYE!F749 -> 0.95348837
B14: Satisfacción del Socio en cuanto a la variedad del menú BC/BP | C14: # | D14: 0.9 | E14: 1 | F14: =GYE!G749 -> 0.93488372
B15: Satisfacción del Socio en cuanto al Ambiente Acogedor BC/BP | C15: # | D15: 0.9 | E15: 1 | F15: =GYE!H749 -> 0.94883721
B16: Satisfacción del socio en cuanto a la Amabilidad personal en 1910 | C16: # | D16: 0.9 | E16: 1 | F16: =GYE!M$749 -> 1
B17: Satisfacción del Socio en cuanto a la Rapidez del servicio 1910 | C17: # | D17: 0.9 | E17: 1 | F17: =GYE!N749 -> 0.90769231
B18: Satisfacción del Socio en cuanto a la Calidad de la Comida 1910 | C18: # | D18: 0.9 | E18: 1 | F18: =GYE!O749 -> 0.96923077
B19: Satisfacción del Socio en cuanto a la variedad del menú 1910 | C19: # | D19: 0.9 | E19: 1 | F19: =GYE!P749 -> 0.89230769
B20: Satisfacción del Socio en cuanto al Ambiente Acogedor 1910 | C20: # | D20: 0.9 | E20: 1 | F20: =GYE!Q749 -> 0.93846154
B21: Satisfacción del socio en cuanto a la Amabilidad del personal en TT | C21: # | D21: 0.9 | E21: 1
B22: Satisfacción del Socio en cuanto a la Rapidez del servicio TT | C22: # | D22: 0.9 | E22: 1
B23: Satisfacción del Socio en cuanto a la Calidad de la Comida TT | C23: # | D23: 0.9 | E23: 1
B24: Satisfacción del Socio en cuanto a la variedad del menú TT | C24: # | D24: 0.9 | E24: 1
B25: Satisfacción del Socio en cuanto al Ambiente Acogedor TT | C25: # | D25: 0.9 | E25: 1
B26: Amabilidad del personal Restaurante Clasico | C26: # | D26: 0.9 | E26: 1 | F26: =GYE!AN749 -> 0.98969072
B27: Rapidez del servicio Restaurante Clasico | C27: # | D27: 0.9 | E27: 1 | F27: =GYE!AO749 -> 0.97938144
B28: Calidad de la Comida Restaurante Clasico | C28: # | D28: 0.9 | E28: 1 | F28: =GYE!AP749 -> 0.94226804
B29: Variedad del menú Restaurante Clasico | C29: # | D29: 0.9 | E29: 1 | F29: =GYE!AQ749 -> 0.91752577
B30: Ambiente Acogedor Restaurante Clasico | C30: # | D30: 0.9 | E30: 1 | F30: =GYE!AR749 -> 0.95257732
B33: Amabilidad del personal | C33: # | D33: 0.9 | E33: 1 | F33: =(F11+F16+F26)/3 -> 0.99036202
B34: Rapidez del servicio | C34: # | D34: 0.9 | E34: 1 | F34: =(F12+F17+F27)/3 -> 0.94530365
B35: Calidad de la Comida | C35: # | D35: 0.9 | E35: 1 | F35: =(F13+F18+F28)/3 -> 0.95499573
B36: Variedad del menu | C36: # | D36: 0.9 | E36: 1 | F36: =(F14+F19+F29)/3 -> 0.91490573
B37: Ambiente Acogedor | C37: # | D37: 0.9 | E37: 1 | F37: =(F15+F20+F30)/3 -> 0.94662536
F38: =AVERAGE(F33:F37) -> 0.9504385
